{
  "overall": {
    "mae": 112.99442726271594,
    "rmse": 151.76224070479557,
    "mape": 617.1221208259244,
    "smape": 92.27101172798714,
    "wmape": 73.85392048921682,
    "mase": 22.5565206588884,
    "r2": -0.33939811689630073,
    "adjusted_r2": null,
    "nse": -0.33939811689630073,
    "kge": -0.5776362795081937,
    "pbias": 49.77062009842008,
    "index_of_agreement": 0.43810659143481245,
    "mean_bias_error": -76.14765303288551,
    "correlation": -0.12183873000355255
  },
  "by_well": {
    "14": {
      "mae": 71.89314740466992,
      "rmse": 71.90220568330221,
      "mape": 1542.3591107369325,
      "smape": 177.02801195397484,
      "wmape": 1541.709522537612,
      "mase": 54.43255276390558,
      "r2": -826359.5633780158,
      "adjusted_r2": null,
      "nse": -826359.5633780158,
      "kge": -19.180431998100726,
      "pbias": -1541.709522537612,
      "index_of_agreement": 0.0018616649333692559,
      "mean_bias_error": 71.89314740466992,
      "correlation": -0.46254805965428064
    },
    "22": {
      "mae": 24.507169719059238,
      "rmse": 24.541770837927594,
      "mape": 24.115741004364743,
      "smape": 27.432555398568738,
      "wmape": 24.119832896292717,
      "mase": 25.70331006582423,
      "r2": -808.2832226875581,
      "adjusted_r2": null,
      "nse": -808.2832226875581,
      "kge": 0.06754713132824186,
      "pbias": 24.119832896292717,
      "index_of_agreement": 0.0630037661714713,
      "mean_bias_error": -24.507169719059238,
      "correlation": 0.14632876965575004
    },
    "23": {
      "mae": 75.26120728015886,
      "rmse": 75.26935658986524,
      "mape": 5803.580218858587,
      "smape": 193.33455216747308,
      "wmape": 5802.601125024033,
      "mase": 40.57156764631499,
      "r2": -29883300.31373051,
      "adjusted_r2": null,
      "nse": -29883300.31373051,
      "kge": -97.09339331516007,
      "pbias": -5802.601125024033,
      "index_of_agreement": 0.0003148189245124611,
      "mean_bias_error": 75.26120728015886,
      "correlation": -0.3551841486994826
    },
    "27": {
      "mae": 189.1518980745931,
      "rmse": 189.84128616530617,
      "mape": 71.08094609094631,
      "smape": 110.33381651431668,
      "wmape": 71.18685589453962,
      "mase": 23.303910860644045,
      "r2": -141.8055358136744,
      "adjusted_r2": null,
      "nse": -141.8055358136744,
      "kge": -0.6911058441088194,
      "pbias": 71.18685589453962,
      "index_of_agreement": 0.130193147117304,
      "mean_bias_error": -189.1518980745931,
      "correlation": -0.2194598513850672
    },
    "3": {
      "mae": 136.62382758292642,
      "rmse": 137.08405345929253,
      "mape": 63.82827492641826,
      "smape": 93.80848747055985,
      "wmape": 63.92629217535355,
      "mase": 20.0182402695526,
      "r2": -154.95589852698637,
      "adjusted_r2": null,
      "nse": -154.95589852698637,
      "kge": -0.6107279357047959,
      "pbias": 63.926292175353545,
      "index_of_agreement": 0.12730498285382874,
      "mean_bias_error": -136.62382758292642,
      "correlation": -0.17383606395793458
    },
    "31": {
      "mae": 273.98507385792647,
      "rmse": 274.5428678755377,
      "mape": 78.10473588053523,
      "smape": 128.18035293858895,
      "wmape": 78.15974232275639,
      "mase": 25.791454785962756,
      "r2": -253.94853767604644,
      "adjusted_r2": null,
      "nse": -253.94853767604644,
      "kge": -0.7391843466282493,
      "pbias": 78.15974232275639,
      "index_of_agreement": 0.10013206591045076,
      "mean_bias_error": -273.98507385792647,
      "correlation": -0.2401660073107938
    },
    "33": {
      "mae": 284.5330124745931,
      "rmse": 284.5456719004723,
      "mape": 78.79673770083639,
      "smape": 130.02669056041688,
      "wmape": 78.79772127090416,
      "mase": 88.47669408692454,
      "r2": -13695.763599309088,
      "adjusted_r2": null,
      "nse": -13695.763599309088,
      "kge": -0.39588858723613685,
      "pbias": 78.79772127090416,
      "index_of_agreement": 0.01586788646520243,
      "mean_bias_error": -284.5330124745931,
      "correlation": -0.014371449495981615
    },
    "35": {
      "mae": 3.279278494358723,
      "rmse": 3.455567349671049,
      "mape": 4.080229503717553,
      "smape": 4.174977790028367,
      "wmape": 4.079885039081237,
      "mase": 6.603593718732724,
      "r2": -6977.563944314798,
      "adjusted_r2": null,
      "nse": -6977.563944314798,
      "kge": -24.852499800762835,
      "pbias": 4.079885039081236,
      "index_of_agreement": 0.021544216461290122,
      "mean_bias_error": -3.279278494358723,
      "correlation": 0.5203973514909267
    },
    "38": {
      "mae": 12.05233694578125,
      "rmse": 12.0989649139224,
      "mape": 18.5279100946222,
      "smape": 16.946980425292292,
      "wmape": 18.528865563925763,
      "mase": 28.25118517484449,
      "r2": -7540.168271831734,
      "adjusted_r2": null,
      "nse": -7540.168271831734,
      "kge": -5.998665067583215,
      "pbias": -18.52886556392576,
      "index_of_agreement": 0.020634084894727733,
      "mean_bias_error": 12.05233694578125,
      "correlation": 0.40941895948609547
    },
    "40": {
      "mae": 264.18832877823894,
      "rmse": 265.3017558285663,
      "mape": 77.4179446566137,
      "smape": 126.3708597353332,
      "wmape": 77.53155151630959,
      "mase": 22.72186144659516,
      "r2": -121.56786162455533,
      "adjusted_r2": null,
      "nse": -121.56786162455533,
      "kge": -0.7649357421851657,
      "pbias": 77.53155151630959,
      "index_of_agreement": 0.13916808297391492,
      "mean_bias_error": -264.18832877823894,
      "correlation": -0.2664104669722682
    },
    "45": {
      "mae": 41.16207914992513,
      "rmse": 41.33923900760592,
      "mape": 117.4391700681059,
      "smape": 73.22799017692013,
      "wmape": 114.53678909801279,
      "mase": 16.989480504680063,
      "r2": -95.04104745903149,
      "adjusted_r2": null,
      "nse": -95.04104745903149,
      "kge": -0.46105250609058634,
      "pbias": -114.53678909801279,
      "index_of_agreement": 0.15086247776497352,
      "mean_bias_error": 41.16207914992513,
      "correlation": 0.47082093785471923
    },
    "48": {
      "mae": 53.15493293971355,
      "rmse": 54.94174166323239,
      "mape": 40.16602336163004,
      "smape": 50.6429974571016,
      "wmape": 40.80836912989266,
      "mase": 7.980400243749151,
      "r2": -15.355422365286508,
      "adjusted_r2": null,
      "nse": -15.355422365286508,
      "kge": -0.5988678840051753,
      "pbias": 40.808369129892654,
      "index_of_agreement": 0.29945393707861545,
      "mean_bias_error": -53.15493293971355,
      "correlation": -0.24364892098518667
    },
    "50": {
      "mae": 39.13526171336263,
      "rmse": 39.15042608591142,
      "mape": 103.09052785370707,
      "smape": 68.01487987525857,
      "wmape": 103.09206045368569,
      "mase": 106.71801090663735,
      "r2": -2326666.94659814,
      "adjusted_r2": null,
      "nse": -2326666.94659814,
      "kge": -41.28171424470327,
      "pbias": -103.09206045368568,
      "index_of_agreement": 0.001153585949016822,
      "mean_bias_error": 39.13526171336263,
      "correlation": 0.8219584807156116
    }
  },
  "observations": 78,
  "reservoir": {
    "decline_peak_production_error_pct": 78.9985303344289,
    "decline_peak_time_error_months": null,
    "decline_decline_rate_true": -0.02904132025634986,
    "decline_decline_rate_pred": -0.0008625821546165304,
    "decline_decline_rate_error_pct": -97.0298141520278,
    "decline_cumulative_error_pct": 49.77062009842012,
    "decline_plateau_duration_true": null,
    "decline_plateau_duration_pred": null,
    "decline_plateau_duration_error": null,
    "reliability_direction_accuracy": 0.6410256410256411,
    "reliability_forecast_skill_vs_persistence": -3.540716985719361
  },
  "operational": {
    "macro_mae_by_well": 112.99442726271592,
    "worst_3_wells_mae": 274.23547170358614,