{
  "overall": {
    "mae": 111.30241221737866,
    "rmse": 144.84719069172954,
    "mape": 734.7229552441097,
    "smape": 89.64632371283082,
    "wmape": 72.74800803271701,
    "mase": 22.218752033922822,
    "r2": -0.22011952443076566,
    "adjusted_r2": null,
    "nse": -0.22011952443076566,
    "kge": -0.45942544964235,
    "pbias": 40.216513945569496,
    "index_of_agreement": 0.40897371513110325,
    "mean_bias_error": -61.530138544860925,
    "correlation": 0.014088348551521466
  },
  "by_well": {
    "14": {
      "mae": 86.80383135445834,
      "rmse": 86.80406526976499,
      "mape": 1861.955175794173,
      "smape": 180.5969773307863,
      "wmape": 1861.4610463308838,
      "mase": 65.7218984128632,
      "r2": -1204383.857554461,
      "adjusted_r2": null,
      "nse": -1204383.857554461,
      "kge": -17.744120075099413,
      "pbias": -1861.461046330884,
      "index_of_agreement": 0.0015726632551081865,
      "mean_bias_error": 86.80383135445834,
      "correlation": 0.7288190773154353
    },
    "22": {
      "mae": 10.138808563867185,
      "rmse": 10.174960927189115,
      "mape": 9.972409472528204,
      "smape": 10.499157859390756,
      "wmape": 9.978564278591264,
      "mase": 10.63366121843286,
      "r2": -138.10868473837266,
      "adjusted_r2": null,
      "nse": -138.10868473837266,
      "kge": -0.09669681832976651,
      "pbias": 9.978564278591264,
      "index_of_agreement": 0.13690110788947207,
      "mean_bias_error": -10.138808563867185,
      "correlation": 0.16857695166992878
    },
    "23": {
      "mae": 90.1700169420241,
      "rmse": 90.17034082610311,
      "mape": 6952.704702799792,
      "smape": 194.40729191059555,
      "wmape": 6952.062831035159,
      "mase": 48.60856042894158,
      "r2": -42886398.709239684,
      "adjusted_r2": null,
      "nse": -42886398.709239684,
      "kge": -70.63740177213828,
      "pbias": -6952.062831035159,
      "index_of_agreement": 0.00026720784557299204,
      "mean_bias_error": 90.1700169420241,
      "correlation": 0.7442010248124111
    },
    "27": {
      "mae": 174.2447795951823,
      "rmse": 174.9602407571316,
      "mape": 65.45741461947905,
      "smape": 97.36947210130516,
      "wmape": 65.57659818209436,
      "mase": 21.467322574883084,
      "r2": -120.29487276691728,
      "adjusted_r2": null,
      "nse": -120.29487276691728,
      "kge": -0.3622911811938492,
      "pbias": 65.57659818209436,
      "index_of_agreement": 0.13958474995601555,
      "mean_bias_error": -174.2447795951823,
      "correlation": 0.3237965692862991
    },
    "3": {
      "mae": 122.25382483634439,
      "rmse": 122.73896987715185,
      "mape": 57.09272698146607,
      "smape": 79.96497092994174,
      "wmape": 57.20256754846837,
      "mase": 17.91273515566163,
      "r2": -124.02385270578891,
      "adjusted_r2": null,
      "nse": -124.02385270578891,
      "kge": -0.326938644543612,
      "pbias": 57.20256754846837,
      "index_of_agreement": 0.13988259144284454,
      "mean_bias_error": -122.25382483634439,
      "correlation": 0.307977286385863
    },
    "31": {
      "mae": 259.07795537851564,
      "rmse": 259.6424621859738,
      "mape": 73.8465715282247,
      "smape": 117.1048895283872,
      "wmape": 73.90718752946235,
      "mase": 24.388180268716308,
      "r2": -227.02561254942074,
      "adjusted_r2": null,
      "nse": -227.02561254942074,
      "kge": -0.40059622312056664,
      "pbias": 73.90718752946233,
      "index_of_agreement": 0.10522495219854633,
      "mean_bias_error": -259.07795537851564,
      "correlation": 0.33328352640391606
    },
    "33": {
      "mae": 269.62589399518225,
      "rmse": 269.6364550599562,
      "mape": 74.66834631399026,
      "smape": 119.15379389935639,
      "wmape": 74.66938847508193,
      "mase": 83.84126514337395,
      "r2": -12298.039870435761,
      "adjusted_r2": null,
      "nse": -12298.039870435761,
      "kge": -0.39879762131029683,
      "pbias": 74.66938847508193,
      "index_of_agreement": 0.016711413495465344,
      "mean_bias_error": -269.62589399518225,
      "correlation": 0.22834703075364599
    },
    "35": {
      "mae": 11.09033896779948,
      "rmse": 11.093183371022207,
      "mape": 13.797960865953323,
      "smape": 12.907075706061669,
      "wmape": 13.797946136902606,
      "mase": 22.332989672076952,
      "r2": -71917.35124262908,
      "adjusted_r2": null,
      "nse": -71917.35124262908,
      "kge": -4.167622561893565,
      "pbias": -13.797946136902608,
      "index_of_agreement": 0.0065151314125702076,
      "mean_bias_error": 11.09033896779948,
      "correlation": 0.0955252639170471
    },
    "38": {
      "mae": 26.420798554667968,
      "rmse": 26.422439281880447,
      "mape": 40.6191572077258,
      "smape": 33.76146907805791,
      "wmape": 40.61846484323242,
      "mase": 61.93146406319663,
      "r2": -35964.65832698887,
      "adjusted_r2": null,
      "nse": -35964.65832698887,
      "kge": -0.38951483865533865,
      "pbias": -40.61846484323242,
      "index_of_agreement": 0.0094063673711271,
      "mean_bias_error": 26.420798554667968,
      "correlation": -0.05575905242346603
    },
    "40": {
      "mae": 249.28239031184896,
      "rmse": 250.4236195595344,
      "mape": 73.02933173314848,
      "smape": 115.09848097427124,
      "wmape": 73.15709431961814,
      "mase": 21.439856786771276,
      "r2": -108.20611003342503,
      "adjusted_r2": null,
      "nse": -108.20611003342503,
      "kge": -0.39892258409889036,
      "pbias": 73.15709431961814,
      "index_of_agreement": 0.14616133745411808,
      "mean_bias_error": -249.28239031184896,
      "correlation": 0.33465136637003473
    },
    "45": {
      "mae": 55.52918654128255,
      "rmse": 55.705540340064914,
      "mape": 158.2641941366157,
      "smape": 87.47622937576229,
      "wmape": 154.51441858652223,
      "mase": 22.91944555928921,
      "r2": -173.3928660342967,
      "adjusted_r2": null,
      "nse": -173.3928660342967,
      "kge": -1.5719409862930815,
      "pbias": -154.51441858652223,
      "index_of_agreement": 0.11551953333626352,
      "mean_bias_error": 55.52918654128255,
      "correlation": -0.8284444029086436
    },
    "48": {
      "mae": 38.78792727361654,
      "rmse": 41.07140538279129,
      "mape": 29.042999143973713,
      "smape": 34.383096136350424,
      "wmape": 29.778460180928313,
      "mase": 5.823414068078437,
      "r2": -8.139786405326356,
      "adjusted_r2": null,
      "nse": -8.139786405326356,
      "kge": -0.22418402682652872,
      "pbias": 29.778460180928313,
      "index_of_agreement": 0.3578928567032801,
      "mean_bias_error": -38.78792727361654,
      "correlation": 0.33166672177205525
    },
    "50": {
      "mae": 53.50560651113281,
      "rmse": 53.50625264680253,
      "mape": 140.94742757635404,
      "smape": 82.67930343653447,
      "wmape": 140.94714024036784,
      "mase": 145.90452827536987,
      "r2": -4345806.575292979,
      "adjusted_r2": null,
      "nse": -4345806.575292979,
      "kge": -8.028904136842844,
      "pbias": -140.94714024036784,
      "index_of_agreement": 0.0008138521239919871,
      "mean_bias_error": 53.50560651113281,
      "correlation": -0.3952674053946947
    }
  },
  "observations": 78,
  "reservoir": {
    "decline_peak_production_error_pct": 75.43055516951176,
    "decline_peak_time_error_months": null,
    "decline_decline_rate_true": -0.02904132025634986,
    "decline_decline_rate_pred": 0.0011692189859246812,
    "decline_decline_rate_error_pct": -104.02605672147291,
    "decline_cumulative_error_pct": 40.21651394556953,
    "decline_plateau_duration_true": null,
    "decline_plateau_duration_pred": null,
    "decline_plateau_duration_error": null,
    "reliability_direction_accuracy": 0.5128205128205128,
    "reliability_forecast_skill_vs_persistence": -3.136348542902679
  },
  "operational": {
    "macro_mae_by_well": 111.30241221737866,
    "worst_3_wells_mae": 259.32874656184896,