{
  "folds": [
    {
      "fold": 1,
      "train_span": [
        1,
        145
      ],
      "val_span": [
        146,
        151
      ],
      "train_rows": 1885,
      "rows": 78,
      "indices": {
        "train_end_idx": 144,
        "val_start_idx": 145,
        "val_end_idx": 150
      },
      "metrics": {
        "mae": 6.912984957477934,
        "rmse": 12.576460325171652,
        "mape": 6.761076510930611,
        "smape": 6.2655347061501,
        "wmape": 4.510648144027749,
        "mase": 1.6261973997255146,
        "r2": 0.9908548981397651,
        "adjusted_r2": null,
        "nse": 0.9908548981397651,
        "kge": 0.9629636888524618,
        "pbias": 1.4770835919672,
        "index_of_agreement": 0.9976300718791311,
        "mean_bias_error": -2.2637670521311923,
        "correlation": 0.996009814910223
      },
      "lag_pairs": 65
    },
    {
      "fold": 2,
      "train_span": [
        1,
        151
      ],
      "val_span": [
        152,
        157
      ],
      "train_rows": 1963,
      "rows": 78,
      "indices": {
        "train_end_idx": 150,
        "val_start_idx": 151,
        "val_end_idx": 156
      },
      "metrics": {
        "mae": 4.411715641988591,
        "rmse": 8.154366439257748,
        "mape": 5.307186489843032,
        "smape": 4.924083451979238,
        "wmape": 2.903165963664523,
        "mase": 0.9809278865848076,
        "r2": 0.9961015979385883,
        "adjusted_r2": null,
        "nse": 0.9961015979385883,
        "kge": 0.985665521384107,
        "pbias": 0.23982076768443525,
        "index_of_agreement": 0.999010678095231,
        "mean_bias_error": -0.3644369785637909,
        "correlation": 0.998126557276868
      },
      "lag_pairs": 65
    },
    {
      "fold": 3,
      "train_span": [
        1,
        157
      ],
      "val_span": [
        158,
        163
      ],
      "train_rows": 2041,
      "rows": 78,
      "indices": {
        "train_end_idx": 156,
        "val_start_idx": 157,
        "val_end_idx": 162
      },
      "metrics": {
        "mae": 6.470857931670788,
        "rmse": 10.904940420936105,
        "mape": 4.912507788153846,
        "smape": 4.879331534394381,
        "wmape": 4.231369282341238,
        "mase": 1.4286294862361422,
        "r2": 0.9931078803449447,
        "adjusted_r2": null,
        "nse": 0.9931078803449447,
        "kge": 0.9939694724644567,
        "pbias": 0.15154421263151877,
        "index_of_agreement": 0.9982658387086595,
        "mean_bias_error": -0.23175029284205728,
        "correlation": 0.996550338803786
      },
      "lag_pairs": 65
    },
    {
      "fold": 4,
      "train_span": [
        1,
        163
      ],
      "val_span": [
        164,
        169
      ],
      "train_rows": 2119,
      "rows": 78,
      "indices": {
        "train_end_idx": 162,
        "val_start_idx": 163,
        "val_end_idx": 168
      },
      "metrics": {
        "mae": 5.425618682902895,
        "rmse": 9.529920711073206,
        "mape": 5.059293300246581,
        "smape": 5.568035685361528,
        "wmape": 3.551022605326652,
        "mase": 1.1419830507046609,
        "r2": 0.9945736532228561,
        "adjusted_r2": null,
        "nse": 0.9945736532228561,
        "kge": 0.9810090330309529,
        "pbias": -0.4174842272998476,
        "index_of_agreement": 0.9986663294445904,
        "mean_bias_error": 0.6378754728448056,
        "correlation": 0.9975131575473248
      },
      "lag_pairs": 65
    },
    {
      "fold": 5,
      "train_span": [
        1,
        169
      ],
      "val_span": [
        170,
        175
      ],
      "train_rows": 2197,
      "rows": 78,
      "indices": {
        "train_end_idx": 168,
        "val_start_idx": 169,
        "val_end_idx": 174
      },
      "metrics": {
        "mae": 6.032708625582995,
        "rmse": 9.973718731166008,
        "mape": 4.682177877009868,
        "smape": 4.607791471184157,
        "wmape": 3.916872006543448,
        "mase": 1.2585962332126093,
        "r2": 0.9941631147694792,
        "adjusted_r2": null,
        "nse": 0.9941631147694792,
        "kge": 0.9961988867825778,
        "pbias": -0.23822221196171103,
        "index_of_agreement": 0.9985378898285486,
        "mean_bias_error": 0.3669063452944192,
        "correlation": 0.99708412423836
      },
      "lag_pairs": 65
    },
    {
      "fold": 6,
      "train_span": [
        1,
        175
      ],
      "val_span": [
        176,
        181
      ],
      "train_rows": 2275,
      "rows": 78,
      "indices": {
        "train_end_idx": 174,
        "val_start_idx": 175,
        "val_end_idx": 180
      },
      "metrics": {
        "mae": 3.3436016138448443,
        "rmse": 6.033824610269442,
        "mape": 2.4318297610084616,
        "smape": 2.401795071990844,
        "wmape": 2.197842770008752,
        "mase": 0.6702944575923252,
        "r2": 0.9978195463741318,
        "adjusted_r2": null,
        "nse": 0.9978195463741318,
        "kge": 0.9879305939253996,
        "pbias": -0.9041402187875616,
        "index_of_agreement": 0.9994589317325709,
        "mean_bias_error": 1.3754781442660178,
        "correlation": 0.999005783412001
      },
      "lag_pairs": 65
    }
  ],
  "aggregate": {
    "mae": 5.432914575578008,
    "rmse": 9.528871872979026,
    "mape": 4.859011954532066,
    "smape": 4.774428653510041,
    "wmape": 3.5518201286520603,
    "mase": 1.18443808567601,
    "r2": 0.9944367817982942,
    "nse": 0.9944367817982942,
    "kge": 0.9846228660733259,
    "pbias": 0.051433652372339024,
    "index_of_agreement": 0.9985949566147886,
    "mean_bias_error": -0.07994906018863297,
    "correlation": 0.9973816293647605
  },
  "conformal_profile": {
    "enabled": true,
    "method": "wcp_exp",
    "alpha": 0.1,
    "target_coverage": 0.9,
    "per_horizon": true,
    "exp_decay": 0.97,
    "min_samples": 30,
    "global_eps": 10.934506762890635,
    "global_samples": 468,
    "eps_by_horizon": {
      "1": 15.053135376562494,
      "2": 17.534746236132804,
      "3": 15.454799949999995,
      "4": 16.823990448046857,
      "5": 14.157366182031254,
      "6": 18.46945022734377
    },
    "samples_by_horizon": {
      "1": 78,
      "2": 78,
      "3": 78,
      "4": 78,
      "5": 78,
      "6": 78
    },
    "source_by_horizon": {
      "1": "per_horizon",
      "2": "per_horizon",
      "3": "per_horizon",
      "4": "per_horizon",
      "5": "per_horizon",
      "6": "per_horizon"
    }
  }
}