{
  "overall": {
    "mae": 3.257633728119412,
    "rmse": 5.515873730606865,
    "mape": 2.842255011291197,
    "smape": 2.7693921990505386,
    "wmape": 2.1292113971261983,
    "mase": 0.6503053669768294,
    "r2": 0.9982306617947914,
    "adjusted_r2": null,
    "nse": 0.9982306617947914,
    "kge": 0.9856570452975139,
    "pbias": 0.6272414244947238,
    "index_of_agreement": 0.9995517451113325,
    "mean_bias_error": -0.9596617897431674,
    "correlation": 0.9992148821330992
  },
  "by_well": {
    "14": {
      "mae": 0.2914115743629151,
      "rmse": 0.2951108038059473,
      "mape": 6.26755712595069,
      "smape": 6.0716449184779115,
      "wmape": 6.249163034192053,
      "mase": 0.22063682659818862,
      "r2": -12.920517318076293,
      "adjusted_r2": null,
      "nse": -12.920517318076293,
      "kge": 0.42354927435258116,
      "pbias": -6.249163034192053,
      "index_of_agreement": 0.3424903824070401,
      "mean_bias_error": 0.2914115743629151,
      "correlation": 0.9778879015571268
    },
    "22": {
      "mae": 0.3173731239583309,
      "rmse": 0.3749784736463812,
      "mape": 0.31364351498232523,
      "smape": 0.31320230169093916,
      "wmape": 0.3123570287145826,
      "mase": 0.33286339896345213,
      "r2": 0.811069785362016,
      "adjusted_r2": null,
      "nse": 0.811069785362016,
      "kge": 0.6164863615041756,
      "pbias": -0.07075866511473733,
      "index_of_agreement": 0.9269911120590731,
      "mean_bias_error": 0.07189496803385727,
      "correlation": 0.9710644427562979
    },
    "23": {
      "mae": 0.05774670600876871,
      "rmse": 0.057945743502552875,
      "mape": 4.455954213984209,
      "smape": 4.358063703370017,
      "wmape": 4.452241910039769,
      "mase": 0.031129907077696813,
      "r2": -16.710680394093234,
      "adjusted_r2": null,
      "nse": -16.710680394093234,
      "kge": 0.734516956513428,
      "pbias": -4.452241910039768,
      "index_of_agreement": 0.3265757546029727,
      "mean_bias_error": 0.05774670600876871,
      "correlation": 0.9633505006407379
    },
    "27": {
      "mae": 7.064326161002612,
      "rmse": 7.906950334948308,
      "mape": 2.609327684999266,
      "smape": 2.6289579949668003,
      "wmape": 2.6586419355781605,
      "mase": 0.8703398106087165,
      "r2": 0.7522682161982516,
      "adjusted_r2": null,
      "nse": 0.7522682161982516,
      "kge": 0.5675267725656745,
      "pbias": 1.0438963246134199,
      "index_of_agreement": 0.8995380635448038,
      "mean_bias_error": -2.7737560356119864,
      "correlation": 0.9726760470511313
    },
    "3": {
      "mae": 4.901339009993488,
      "rmse": 5.409292012757602,
      "mape": 2.2601362116529593,
      "smape": 2.2741033332234872,
      "wmape": 2.2933366393437016,
      "mase": 0.7181483909534538,
      "r2": 0.7571663970882702,
      "adjusted_r2": null,
      "nse": 0.7571663970882702,
      "kge": 0.569045238882199,
      "pbias": 0.8831937643644571,
      "index_of_agreement": 0.902041148105069,
      "mean_bias_error": -1.8875693940429603,
      "correlation": 0.97522630918108
    },
    "31": {
      "mae": 7.872991820182297,
      "rmse": 8.798673265099758,
      "mape": 2.2079722903387005,
      "smape": 2.2237909651430203,
      "wmape": 2.2459289599611703,
      "mase": 0.741120345357864,
      "r2": 0.7381415610072188,
      "adjusted_r2": null,
      "nse": 0.7381415610072188,
      "kge": 0.5648277646199693,
      "pbias": 0.9451728070055168,
      "index_of_agreement": 0.8933124723519243,
      "mean_bias_error": -3.3132560783854124,
      "correlation": 0.9677814558487067
    },
    "33": {
      "mae": 1.008775494986973,
      "rmse": 1.0727709463040145,
      "mape": 0.2792744951816384,
      "smape": 0.2793330120185922,
      "wmape": 0.27936726774718185,
      "mase": 0.31368283102235106,
      "r2": 0.8053170143463191,
      "adjusted_r2": null,
      "nse": 0.8053170143463191,
      "kge": 0.5985463359258493,
      "pbias": 0.05549327944376331,
      "index_of_agreement": 0.9232613785643984,
      "mean_bias_error": -0.2003823171223947,
      "correlation": 0.9772672868345084
    },
    "35": {
      "mae": 0.11329963064127686,
      "rmse": 0.11452374603035713,
      "mape": 0.1409702731145335,
      "smape": 0.14086881175928445,
      "wmape": 0.14096072315357602,
      "mase": 0.22815528797708423,
      "r2": -6.665110657408034,
      "adjusted_r2": null,
      "nse": -6.665110657408034,
      "kge": 0.664679883676272,
      "pbias": -0.140960723153576,
      "index_of_agreement": 0.445383440455109,
      "mean_bias_error": 0.11329963064127686,
      "correlation": 0.960963790727053
    },
    "38": {
      "mae": 0.05589811543619779,
      "rmse": 0.07911637918785426,
      "mape": 0.08610220826252152,
      "smape": 0.08602833069375873,
      "wmape": 0.08593592021642363,
      "mase": 0.13102753575650983,
      "r2": 0.6775406282001353,
      "adjusted_r2": null,
      "nse": 0.6775406282001353,
      "kge": 0.6353374481033449,
      "pbias": -0.08076214431357913,
      "index_of_agreement": 0.8837703120270387,
      "mean_bias_error": 0.05253276690755134,
      "correlation": 0.9617344647183877
    },
    "40": {
      "mae": 10.975934850390624,
      "rmse": 12.560492296987697,
      "mape": 3.133694483438127,
      "smape": 3.169414492345959,
      "wmape": 3.2211160206363116,
      "mase": 0.943999578144776,
      "r2": 0.7252677241741292,
      "adjusted_r2": null,
      "nse": 0.7252677241741292,
      "kge": 0.5542194642645686,
      "pbias": 1.4649718253899466,
      "index_of_agreement": 0.8869046778435141,
      "mean_bias_error": -4.99188331315104,
      "correlation": 0.9696162124572797
    },
    "45": {
      "mae": 3.5100137389241546,
      "rmse": 4.298235912964516,
      "mape": 10.543277852868274,
      "smape": 9.745028870429174,
      "wmape": 9.766894958876597,
      "mase": 1.4487438734911322,
      "r2": -0.03827507799185437,
      "adjusted_r2": null,
      "nse": -0.03827507799185437,
      "kge": 0.36714027922931414,
      "pbias": -7.4439864768276545,
      "index_of_agreement": 0.6302758060327974,
      "mean_bias_error": 2.675209973696289,
      "correlation": 0.6128377450755017
    },
    "48": {
      "mae": 6.148827199316405,
      "rmse": 6.977325827146698,
      "mape": 4.568930742411503,
      "smape": 4.629226686442059,
      "wmape": 4.7206081578584,
      "mase": 0.9231523654794115,
      "r2": 0.7362242132003773,
      "adjusted_r2": null,
      "nse": 0.7362242132003773,
      "kge": 0.5567832721714929,
      "pbias": 1.9977376632128199,
      "index_of_agreement": 0.8915695566090208,
      "mean_bias_error": -2.602152788346354,
      "correlation": 0.9714590697306935
    },
    "50": {
      "mae": 0.03130104034830694,
      "rmse": 0.03347092055311334,
      "mape": 0.0824740496008268,
      "smape": 0.08243516709599932,
      "wmape": 0.08245476336623299,
      "mase": 0.08535485950613052,
      "r2": -0.7005786984171294,
      "adjusted_r2": null,
      "nse": -0.7005786984171294,
      "kge": 0.606139452323311,
      "pbias": -0.08245476336623299,
      "index_of_agreement": 0.6612909058212286,
      "mean_bias_error": 0.03130104034830694,
      "correlation": 0.9501875136095316
    }
  },
  "observations": 78,
  "reservoir": {
    "decline_peak_production_error_pct": 3.004325368086617,
    "decline_peak_time_error_months": null,
    "decline_decline_rate_true": -0.02904132025634941,
    "decline_decline_rate_pred": -0.0350239409147384,
    "decline_decline_rate_error_pct": -20.600374953975233,
    "decline_cumulative_error_pct": 0.6272324921250293,
    "decline_plateau_duration_true": null,
    "decline_plateau_duration_pred": null,
    "decline_plateau_duration_error": null,
    "reliability_direction_accuracy": 0.9230769230769231,
    "reliability_picp": 0.9743589743589743,
    "reliability_picp_deviation_from_target": 0.07435897435897432,
    "reliability_mpiw": 32.4978294733724,