{
  "folds": [
    {
      "fold": 1,
      "train_span": [
        1,
        145
      ],
      "val_span": [
        146,
        151
      ],
      "train_rows": 1885,
      "rows": 78,
      "indices": {
        "train_end_idx": 144,
        "val_start_idx": 145,
        "val_end_idx": 150
      },
      "metrics": {
        "mae": 6.947508530288123,
        "rmse": 12.514764765579335,
        "mape": 6.7912908977991755,
        "smape": 6.303841109472002,
        "wmape": 4.533174403028649,
        "mase": 1.6343186591638754,
        "r2": 0.9909444031756723,
        "adjusted_r2": null,
        "nse": 0.9909444031756723,
        "kge": 0.9617344841134474,
        "pbias": 1.596150480852925,
        "index_of_agreement": 0.997651428056113,
        "mean_bias_error": -2.446248058301123,
        "correlation": 0.9961078579499565
      },
      "lag_pairs": 65
    },
    {
      "fold": 2,
      "train_span": [
        1,
        151
      ],
      "val_span": [
        152,
        157
      ],
      "train_rows": 1963,
      "rows": 78,
      "indices": {
        "train_end_idx": 150,
        "val_start_idx": 151,
        "val_end_idx": 156
      },
      "metrics": {
        "mae": 4.415321035251601,
        "rmse": 8.157597679314119,
        "mape": 5.335676032814483,
        "smape": 4.9538790420509935,
        "wmape": 2.905538522518311,
        "mase": 0.9817295318132833,
        "r2": 0.9960985077736412,
        "adjusted_r2": null,
        "nse": 0.9960985077736412,
        "kge": 0.9826216983299438,
        "pbias": 0.46788152794438825,
        "index_of_agreement": 0.999007295628399,
        "mean_bias_error": -0.711003187990084,
        "correlation": 0.9981720490308894
      },
      "lag_pairs": 65
    },
    {
      "fold": 3,
      "train_span": [
        1,
        157
      ],
      "val_span": [
        158,
        163
      ],
      "train_rows": 2041,
      "rows": 78,
      "indices": {
        "train_end_idx": 156,
        "val_start_idx": 157,
        "val_end_idx": 162
      },
      "metrics": {
        "mae": 6.3868966863036585,
        "rmse": 10.726469787295635,
        "mape": 4.892535964389631,
        "smape": 4.8230596376458506,
        "wmape": 4.176466047205328,
        "mase": 1.4100926071856053,
        "r2": 0.9933316276499865,
        "adjusted_r2": null,
        "nse": 0.9933316276499865,
        "kge": 0.9954254865645067,
        "pbias": -0.3128856240607345,
        "index_of_agreement": 0.9983297286946189,
        "mean_bias_error": 0.47848303635624195,
        "correlation": 0.9966716709809914
      },
      "lag_pairs": 65
    },
    {
      "fold": 4,
      "train_span": [
        1,
        163
      ],
      "val_span": [
        164,
        169
      ],
      "train_rows": 2119,
      "rows": 78,
      "indices": {
        "train_end_idx": 162,
        "val_start_idx": 163,
        "val_end_idx": 168
      },
      "metrics": {
        "mae": 5.370253902234292,
        "rmse": 9.29189295488107,
        "mape": 4.748470622744507,
        "smape": 5.23339869016093,
        "wmape": 3.5147868137638048,
        "mase": 1.130329883605255,
        "r2": 0.9948413345285863,
        "adjusted_r2": null,
        "nse": 0.9948413345285863,
        "kge": 0.980370287195782,
        "pbias": -0.5195894366331604,
        "index_of_agreement": 0.9987327512089906,
        "mean_bias_error": 0.793882345498767,
        "correlation": 0.9976598794980336
      },
      "lag_pairs": 65
    },
    {
      "fold": 5,
      "train_span": [
        1,
        169
      ],
      "val_span": [
        170,
        175
      ],
      "train_rows": 2197,
      "rows": 78,
      "indices": {
        "train_end_idx": 168,
        "val_start_idx": 169,
        "val_end_idx": 174
      },
      "metrics": {
        "mae": 6.0973804833619445,
        "rmse": 10.076505127615999,
        "mape": 4.78291978112288,
        "smape": 4.702918493672741,
        "wmape": 3.9588616674183834,
        "mase": 1.2720886396335447,
        "r2": 0.9940421881847957,
        "adjusted_r2": null,
        "nse": 0.9940421881847957,
        "kge": 0.9945424776099668,
        "pbias": 0.07822527691825092,
        "index_of_agreement": 0.9985015829291374,
        "mean_bias_error": -0.12048142038212808,
        "correlation": 0.997018232334067
      },
      "lag_pairs": 65
    },
    {
      "fold": 6,
      "train_span": [
        1,
        175
      ],
      "val_span": [
        176,
        181
      ],
      "train_rows": 2275,
      "rows": 78,
      "indices": {
        "train_end_idx": 174,
        "val_start_idx": 175,
        "val_end_idx": 180
      },
      "metrics": {
        "mae": 3.459910844798343,
        "rmse": 6.200761112504296,
        "mape": 2.521070618996629,
        "smape": 2.4838757341414253,
        "wmape": 2.2742960775074503,
        "mase": 0.6936110610274179,
        "r2": 0.9976972250797019,
        "adjusted_r2": null,
        "nse": 0.9976972250797019,
        "kge": 0.9886971340088672,
        "pbias": -0.8934857819160503,
        "index_of_agreement": 0.9994279349321039,
        "mean_bias_error": 1.3592694359797324,
        "correlation": 0.998934620756832
      },
      "lag_pairs": 65
    }
  ],
  "aggregate": {
    "mae": 5.4462119137063265,
    "rmse": 9.494665237865075,
    "mape": 4.84532731964455,
    "smape": 4.7501621178573235,
    "wmape": 3.560520588573654,
    "mase": 1.187028397071497,
    "r2": 0.994492547732064,
    "nse": 0.994492547732064,
    "kge": 0.9838985946370856,
    "pbias": 0.06938274051760315,
    "index_of_agreement": 0.9986084535748938,
    "mean_bias_error": -0.10768297480643219,
    "correlation": 0.9974273850917951
  }
}