{
  "folds": [
    {
      "fold": 1,
      "train_span": [
        1,
        145
      ],
      "val_span": [
        146,
        151
      ],
      "train_rows": 1885,
      "rows": 78,
      "indices": {
        "train_end_idx": 144,
        "val_start_idx": 145,
        "val_end_idx": 150
      },
      "metrics": {
        "mae": 11.043056110577972,
        "rmse": 18.476365772173693,
        "mape": 6.742107464915642,
        "smape": 6.666985272715058,
        "wmape": 7.205475038057292,
        "mase": 2.597747462565945,
        "r2": 0.9802619247888306,
        "adjusted_r2": null,
        "nse": 0.9802619247888306,
        "kge": 0.9189905083165502,
        "pbias": 4.849322053228875,
        "index_of_agreement": 0.994717875395314,
        "mean_bias_error": -7.432034008753976,
        "correlation": 0.993384318895268
      },
      "lag_pairs": 65
    },
    {
      "fold": 2,
      "train_span": [
        1,
        151
      ],
      "val_span": [
        152,
        157
      ],
      "train_rows": 1963,
      "rows": 78,
      "indices": {
        "train_end_idx": 150,
        "val_start_idx": 151,
        "val_end_idx": 156
      },
      "metrics": {
        "mae": 5.875328655732572,
        "rmse": 10.176636739665375,
        "mape": 4.708858280520163,
        "smape": 4.723244359105116,
        "wmape": 3.8663086116260037,
        "mase": 1.3063565716717638,
        "r2": 0.993928238203006,
        "adjusted_r2": null,
        "nse": 0.993928238203006,
        "kge": 0.9929508944298651,
        "pbias": 0.5377028066994193,
        "index_of_agreement": 0.9984745755708476,
        "mean_bias_error": -0.8171051578679628,
        "correlation": 0.9969792055183849
      },
      "lag_pairs": 65
    },
    {
      "fold": 3,
      "train_span": [
        1,
        157
      ],
      "val_span": [
        158,
        163
      ],
      "train_rows": 2041,
      "rows": 78,
      "indices": {
        "train_end_idx": 156,
        "val_start_idx": 157,
        "val_end_idx": 162
      },
      "metrics": {
        "mae": 6.779578207878317,
        "rmse": 12.552961580300195,
        "mape": 4.495174918472566,
        "smape": 4.460360673434736,
        "wmape": 4.433245062550672,
        "mase": 1.4967884373746605,
        "r2": 0.9908673121573143,
        "adjusted_r2": null,
        "nse": 0.9908673121573143,
        "kge": 0.9631161065582072,
        "pbias": -2.4948139071366287,
        "index_of_agreement": 0.9977734197246854,
        "mean_bias_error": 3.815215662317545,
        "correlation": 0.9963168219597657
      },
      "lag_pairs": 65
    },
    {
      "fold": 4,
      "train_span": [
        1,
        163
      ],
      "val_span": [
        164,
        169
      ],
      "train_rows": 2119,
      "rows": 78,
      "indices": {
        "train_end_idx": 162,
        "val_start_idx": 163,
        "val_end_idx": 168
      },
      "metrics": {
        "mae": 4.049198974338296,
        "rmse": 8.293128843569141,
        "mape": 3.6996193727109916,
        "smape": 4.155831198287877,
        "wmape": 2.6501672770795652,
        "mase": 0.852274527179077,
        "r2": 0.9958907194249902,
        "adjusted_r2": null,
        "nse": 0.9958907194249902,
        "kge": 0.9911579531788085,
        "pbias": 0.43989343416923093,
        "index_of_agreement": 0.9989792318344992,
        "mean_bias_error": -0.6721145709787298,
        "correlation": 0.9980010749341243
      },
      "lag_pairs": 65
    },
    {
      "fold": 5,
      "train_span": [
        1,
        169
      ],
      "val_span": [
        170,
        175
      ],
      "train_rows": 2197,
      "rows": 78,
      "indices": {
        "train_end_idx": 168,
        "val_start_idx": 169,
        "val_end_idx": 174
      },
      "metrics": {
        "mae": 3.2031041534163296,
        "rmse": 5.812541448487481,
        "mape": 3.501797099983963,
        "smape": 3.3238188688801276,
        "wmape": 2.0796875452188814,
        "mase": 0.6682594954083109,
        "r2": 0.9980175645894533,
        "adjusted_r2": null,
        "nse": 0.9980175645894533,
        "kge": 0.9936160222001849,
        "pbias": -0.553766532177157,
        "index_of_agreement": 0.9995056554295668,
        "mean_bias_error": 0.8529030638844954,
        "correlation": 0.9990376195428756
      },
      "lag_pairs": 65
    },
    {
      "fold": 6,
      "train_span": [
        1,
        175
      ],
      "val_span": [
        176,
        181
      ],
      "train_rows": 2275,
      "rows": 78,
      "indices": {
        "train_end_idx": 174,
        "val_start_idx": 175,
        "val_end_idx": 180
      },
      "metrics": {
        "mae": 2.489455101264498,
        "rmse": 4.523812114895715,
        "mape": 2.6968002426270945,
        "smape": 2.5669464553621104,
        "wmape": 1.6363884001371571,
        "mase": 0.4990630312813237,
        "r2": 0.998774338317815,
        "adjusted_r2": null,
        "nse": 0.998774338317815,
        "kge": 0.9904093664836332,
        "pbias": 0.31419639548741146,
        "index_of_agreement": 0.999690707526826,
        "mean_bias_error": -0.47799032276169545,
        "correlation": 0.9994297451327421
      },
      "lag_pairs": 65
    }
  ],
  "aggregate": {
    "mae": 5.573286867201331,
    "rmse": 9.972574416515267,
    "mape": 4.307392896538404,
    "smape": 4.316197804630837,
    "wmape": 3.6452119891115955,
    "mase": 1.2367482542468466,
    "r2": 0.9929566829135682,
    "nse": 0.9929566829135682,
    "kge": 0.9750401418612082,
    "pbias": 0.5154223750451918,
    "index_of_agreement": 0.9981902442469565,
    "mean_bias_error": -0.7885208890267206,
    "correlation": 0.9971914643305267
  }
}