{
  "folds": [
    {
      "fold": 1,
      "train_span": [
        1,
        145
      ],
      "val_span": [
        146,
        151
      ],
      "train_rows": 1885,
      "rows": 78,
      "indices": {
        "train_end_idx": 144,
        "val_start_idx": 145,
        "val_end_idx": 150
      },
      "metrics": {
        "mae": 6.989352108125455,
        "rmse": 12.753151428268099,
        "mape": 6.739086729151476,
        "smape": 6.2719286719853455,
        "wmape": 4.560476886380256,
        "mase": 1.6441618626270442,
        "r2": 0.990596127552104,
        "adjusted_r2": null,
        "nse": 0.990596127552104,
        "kge": 0.960697519428111,
        "pbias": 1.6748472055009558,
        "index_of_agreement": 0.9975590517775622,
        "mean_bias_error": -2.5668580585324494,
        "correlation": 0.9959701547432375
      },
      "lag_pairs": 65
    },
    {
      "fold": 2,
      "train_span": [
        1,
        151
      ],
      "val_span": [
        152,
        157
      ],
      "train_rows": 1963,
      "rows": 78,
      "indices": {
        "train_end_idx": 150,
        "val_start_idx": 151,
        "val_end_idx": 156
      },
      "metrics": {
        "mae": 9.524279598986746,
        "rmse": 17.23597765659968,
        "mape": 5.868248241219977,
        "smape": 6.066573643966127,
        "wmape": 6.2675309571265,
        "mase": 2.1176866816524136,
        "r2": 0.9825828125740027,
        "adjusted_r2": null,
        "nse": 0.9825828125740027,
        "kge": 0.9129201957498261,
        "pbias": 5.932666877524,
        "index_of_agreement": 0.9953503171613527,
        "mean_bias_error": -9.015412687341879,
        "correlation": 0.9954027555895784
      },
      "lag_pairs": 65
    },
    {
      "fold": 3,
      "train_span": [
        1,
        157
      ],
      "val_span": [
        158,
        163
      ],
      "train_rows": 2041,
      "rows": 78,
      "indices": {
        "train_end_idx": 156,
        "val_start_idx": 157,
        "val_end_idx": 162
      },
      "metrics": {
        "mae": 6.333162717599936,
        "rmse": 10.762498673313177,
        "mape": 4.815464506198695,
        "smape": 4.758308940976119,
        "wmape": 4.141328779938434,
        "mase": 1.3982292757829937,
        "r2": 0.9932867559403034,
        "adjusted_r2": null,
        "nse": 0.9932867559403034,
        "kge": 0.9955851309729101,
        "pbias": -0.07058098489406688,
        "index_of_agreement": 0.9983141914107545,
        "mean_bias_error": 0.10793657926121814,
        "correlation": 0.9966382379784742
      },
      "lag_pairs": 65
    },
    {
      "fold": 4,
      "train_span": [
        1,
        163
      ],
      "val_span": [
        164,
        169
      ],
      "train_rows": 2119,
      "rows": 78,
      "indices": {
        "train_end_idx": 162,
        "val_start_idx": 163,
        "val_end_idx": 168
      },
      "metrics": {
        "mae": 5.2714999075998925,
        "rmse": 9.193809011885936,
        "mape": 4.64374714372831,
        "smape": 5.111310522691294,
        "wmape": 3.450153140111414,
        "mase": 1.109544164104318,
        "r2": 0.9949496680431847,
        "adjusted_r2": null,
        "nse": 0.9949496680431847,
        "kge": 0.9815092358922247,
        "pbias": -0.4706714995747084,
        "index_of_agreement": 0.99875808462103,
        "mean_bias_error": 0.7191404745697335,
        "correlation": 0.9976884767569894
      },
      "lag_pairs": 65
    },
    {
      "fold": 5,
      "train_span": [
        1,
        169
      ],
      "val_span": [
        170,
        175
      ],
      "train_rows": 2197,
      "rows": 78,
      "indices": {
        "train_end_idx": 168,
        "val_start_idx": 169,
        "val_end_idx": 174
      },
      "metrics": {
        "mae": 6.087486040497991,
        "rmse": 10.148303598619458,
        "mape": 4.742056741931577,
        "smape": 4.67913723627127,
        "wmape": 3.95243747744345,
        "mase": 1.270024374758311,
        "r2": 0.9939569828985718,
        "adjusted_r2": null,
        "nse": 0.9939569828985718,
        "kge": 0.9946458317767514,
        "pbias": 0.09851849576365845,
        "index_of_agreement": 0.9984804205059924,
        "mean_bias_error": -0.1517367374221069,
        "correlation": 0.9969754150081815
      },
      "lag_pairs": 65
    },
    {
      "fold": 6,
      "train_span": [
        1,
        175
      ],
      "val_span": [
        176,
        181
      ],
      "train_rows": 2275,
      "rows": 78,
      "indices": {
        "train_end_idx": 174,
        "val_start_idx": 175,
        "val_end_idx": 180
      },
      "metrics": {
        "mae": 3.5148263738293632,
        "rmse": 6.236473030232498,
        "mape": 2.5675403928113254,
        "smape": 2.5185589185010895,
        "wmape": 2.3103935892272283,
        "mase": 0.7046200205257104,
        "r2": 0.9976706240484634,
        "adjusted_r2": null,
        "nse": 0.9976706240484634,
        "kge": 0.9874382435635154,
        "pbias": -1.02015933671436,
        "index_of_agreement": 0.9994215713562776,
        "mean_bias_error": 1.5519792640141579,
        "correlation": 0.9989414195191413
      },
      "lag_pairs": 65
    }
  ],
  "aggregate": {
    "mae": 6.286767791106564,
    "rmse": 11.055035566486476,
    "mape": 4.89602395917356,
    "smape": 4.900969655731874,
    "wmape": 4.113720138371214,
    "mase": 1.3740443965751317,
    "r2": 0.9921738285094385,
    "nse": 0.9921738285094385,
    "kge": 0.972132692897223,
    "pbias": 1.024103459600913,
    "index_of_agreement": 0.9979806061388283,
    "mean_bias_error": -1.559158527575221,
    "correlation": 0.996936076599267
  },
  "conformal_profile": {
    "enabled": true,
    "method": "wcp_exp",
    "alpha": 0.1,
    "target_coverage": 0.9,
    "per_horizon": true,
    "exp_decay": 0.97,
    "min_samples": 30,
    "global_eps": 12.27950798359376,
    "global_samples": 468,
    "eps_by_horizon": {
      "1": 13.36713073789062,
      "2": 17.25187880449218,
      "3": 15.215009880468756,
      "4": 17.52579549986328,
      "5": 17.066337123828134,
      "6": 21.33895706328127
    },
    "samples_by_horizon": {
      "1": 78,
      "2": 78,
      "3": 78,
      "4": 78,
      "5": 78,
      "6": 78
    },
    "source_by_horizon": {
      "1": "per_horizon",
      "2": "per_horizon",
      "3": "per_horizon",
      "4": "per_horizon",
      "5": "per_horizon",
      "6": "per_horizon"
    }
  }
}