{
  "overall": {
    "mae": 2.8740096412846676,
    "rmse": 4.861275665564259,
    "mape": 2.8479722999865817,
    "smape": 2.7609428667602924,
    "wmape": 1.8784721041080712,
    "mase": 0.5737243810861176,
    "r2": 0.9986256962803984,
    "adjusted_r2": null,
    "nse": 0.9986256962803984,
    "kge": 0.9890597164614381,
    "pbias": 0.3664173936711177,
    "index_of_agreement": 0.9996527534573648,
    "mean_bias_error": -0.5606083368723832,
    "correlation": 0.9993684211475555
  },
  "by_well": {
    "14": {
      "mae": 0.3266031103126221,
      "rmse": 0.3312461336922493,
      "mape": 7.025738818189938,
      "smape": 6.779724459117735,
      "wmape": 7.003826420689774,
      "mase": 0.24728144025855647,
      "r2": -16.538271654402674,
      "adjusted_r2": null,
      "nse": -16.538271654402674,
      "kge": 0.3046897395615692,
      "pbias": -7.003826420689774,
      "index_of_agreement": 0.3085559113445564,
      "mean_bias_error": 0.3266031103126221,
      "correlation": 0.9839107100513349
    },
    "22": {
      "mae": 0.2757000994628882,
      "rmse": 0.3636736325214249,
      "mape": 0.2730058849028825,
      "smape": 0.27247908394681336,
      "wmape": 0.27134264808084146,
      "mase": 0.2891564069988096,
      "r2": 0.8222897928781232,
      "adjusted_r2": null,
      "nse": 0.8222897928781232,
      "kge": 0.6585864865142069,
      "pbias": -0.12058588767392948,
      "index_of_agreement": 0.9350004933899188,
      "mean_bias_error": 0.12252235857747706,
      "correlation": 0.9681932949570327
    },
    "23": {
      "mae": 0.0667589481670227,
      "rmse": 0.06708196274773895,
      "mape": 5.152340852055392,
      "smape": 5.021521614584846,
      "wmape": 5.147081235322025,
      "mase": 0.035988197365380885,
      "r2": -22.735789880586804,
      "adjusted_r2": null,
      "nse": -22.735789880586804,
      "kge": 0.618272520604542,
      "pbias": -5.147081235322024,
      "index_of_agreement": 0.2858183035634331,
      "mean_bias_error": 0.0667589481670227,
      "correlation": 0.9283291272808647
    },
    "27": {
      "mae": 6.070345753287768,
      "rmse": 6.88867310550225,
      "mape": 2.2513158294739464,
      "smape": 2.2616103143498045,
      "wmape": 2.284559831373801,
      "mase": 0.7478793380763255,
      "r2": 0.8119666599528037,
      "adjusted_r2": null,
      "nse": 0.8119666599528037,
      "kge": 0.6177408830433464,
      "pbias": 0.682009605767017,
      "index_of_agreement": 0.9278281382260317,
      "mean_bias_error": -1.8121802096028716,
      "correlation": 0.9761422155923144
    },
    "3": {
      "mae": 4.222132161848957,
      "rmse": 4.675638263577487,
      "mape": 1.9554810465719428,
      "smape": 1.9624394793616415,
      "wmape": 1.9755357389434094,
      "mase": 0.6186304216546499,
      "r2": 0.8185697337114015,
      "adjusted_r2": null,
      "nse": 0.8185697337114015,
      "kge": 0.6269309897081852,
      "pbias": 0.5844888813735963,
      "index_of_agreement": 0.9310963871056552,
      "mean_bias_error": -1.2491747203775958,
      "correlation": 0.9761835023670276
    },
    "31": {
      "mae": 6.8011483550130265,
      "rmse": 7.6636098450035295,
      "mape": 1.9131417560688775,
      "smape": 1.9223316903329184,
      "wmape": 1.9401640952247736,
      "mase": 0.6402228698848834,
      "r2": 0.8013452441660102,
      "adjusted_r2": null,
      "nse": 0.8013452441660102,
      "kge": 0.616351089898719,
      "pbias": 0.6578438226074661,
      "index_of_agreement": 0.923600842295804,
      "mean_bias_error": -2.30603867115885,
      "correlation": 0.9722263901119982
    },
    "33": {
      "mae": 0.8631506984374937,
      "rmse": 0.9219856652038178,
      "mape": 0.2391459432555299,
      "smape": 0.23913401005645707,
      "wmape": 0.2390383722392744,
      "mase": 0.26840020998754444,
      "r2": 0.8561988598519613,
      "adjusted_r2": null,
      "nse": 0.8561988598519613,
      "kge": 0.6686936502619516,
      "pbias": 0.02837399526878717,
      "index_of_agreement": 0.9478317812589787,
      "mean_bias_error": -0.10245649518229054,
      "correlation": 0.9754603389302238
    },
    "35": {
      "mae": 0.1395511056575529,
      "rmse": 0.14132882562416815,
      "mape": 0.17363460891193816,
      "smape": 0.1734801161960839,
      "wmape": 0.17362126124357558,
      "mase": 0.2810187687162673,
      "r2": -10.673170768232302,
      "adjusted_r2": null,
      "nse": -10.673170768232302,
      "kge": 0.5307276490739974,
      "pbias": -0.17362126124357558,
      "index_of_agreement": 0.37356422548977275,
      "mean_bias_error": 0.1395511056575529,
      "correlation": 0.9284597232260553
    },
    "38": {
      "mae": 0.05646826291992113,
      "rmse": 0.08061489073889726,
      "mape": 0.08698142337106865,
      "smape": 0.08690431441061156,
      "wmape": 0.08681244616529515,
      "mase": 0.13236398546017314,
      "r2": 0.665209800297264,
      "adjusted_r2": null,
      "nse": 0.665209800297264,
      "kge": 0.6581943037606939,
      "pbias": -0.08681244616529517,
      "index_of_agreement": 0.8832273427754745,
      "mean_bias_error": 0.05646826291992113,
      "correlation": 0.9580396154367126
    },
    "40": {
      "mae": 9.489916987434896,
      "rmse": 11.036364047657829,
      "mape": 2.714759215643431,
      "smape": 2.7386293296499415,
      "wmape": 2.7850132184091207,
      "mase": 0.8161926756014464,
      "r2": 0.7878962258910912,
      "adjusted_r2": null,
      "nse": 0.7878962258910912,
      "kge": 0.6017384883518935,
      "pbias": 1.1018247381631363,
      "index_of_agreement": 0.9172559024120022,
      "mean_bias_error": -3.754461641601561,
      "correlation": 0.97538186523459
    },
    "45": {
      "mae": 3.7303945220052093,
      "rmse": 4.3963185372255,
      "mape": 11.17870838475245,
      "smape": 10.343589437166493,
      "wmape": 10.38012217660463,
      "mase": 1.5397051440363914,
      "r2": -0.08620109542829124,
      "adjusted_r2": null,
      "nse": -0.08620109542829124,
      "kge": 0.3523286756465773,
      "pbias": -8.105241679827781,
      "index_of_agreement": 0.6245025666658996,
      "mean_bias_error": 2.912850990338542,
      "correlation": 0.6556953306964133
    },
    "48": {
      "mae": 5.277842803971353,
      "rmse": 6.075833321093507,
      "mape": 3.9484286175593595,
      "smape": 3.979524492486503,
      "wmape": 4.051931691801536,
      "mase": 0.7923873791178123,
      "r2": 0.7999822113568791,
      "adjusted_r2": null,
      "nse": 0.7999822113568791,
      "kge": 0.60684041225381,
      "pbias": 1.32852037527734,
      "index_of_agreement": 0.9222136209463443,
      "mean_bias_error": -1.730463945572917,
      "correlation": 0.9753191208267525
    },
    "50": {
      "mae": 0.04211252818196579,
      "rmse": 0.044461084738074405,
      "mape": 0.1109575190687965,
      "smape": 0.11088892622395921,
      "wmape": 0.11093492444207616,
      "mase": 0.11483672384116388,
      "r2": -2.0006927516732946,
      "adjusted_r2": null,
      "nse": -2.0006927516732946,
      "kge": 0.5546652601471936,
      "pbias": -0.11093492444207616,
      "index_of_agreement": 0.566015681541274,
      "mean_bias_error": 0.04211252818196579,
      "correlation": 0.8927188696580686
    }
  },
  "observations": 78,
  "reservoir": {
    "decline_peak_production_error_pct": 2.9106021660285966,
    "decline_peak_time_error_months": null,
    "decline_decline_rate_true": -0.02904132025634941,
    "decline_decline_rate_pred": -0.03524367542452473,
    "decline_decline_rate_error_pct": -21.357002116283947,
    "decline_cumulative_error_pct": 0.3664182597374366,
    "decline_plateau_duration_true": null,
    "decline_plateau_duration_pred": null,
    "decline_plateau_duration_error": null,
    "reliability_direction_accuracy": 0.9102564102564102,
    "reliability_forecast_skill_vs_persistence": 0.9953409489199578
  }
}