{
  "overall": {
    "mae": 2.8354347670156184,
    "rmse": 4.800838236456037,
    "mape": 2.6735774916714696,
    "smape": 2.5890917760555734,
    "wmape": 1.853259305865162,
    "mase": 0.5660238690392643,
    "r2": 0.9986596557077847,
    "adjusted_r2": null,
    "nse": 0.9986596557077847,
    "kge": 0.9791709945055325,
    "pbias": 1.2344721778862848,
    "index_of_agreement": 0.9996591668640686,
    "mean_bias_error": -1.888707813857825,
    "correlation": 0.999566923953211
  },
  "by_well": {
    "14": {
      "mae": 0.29420742956717943,
      "rmse": 0.3026294756976905,
      "mape": 6.325920427653052,
      "smape": 6.1207056240480515,
      "wmape": 6.309118631459041,
      "mase": 0.2227536561072619,
      "r2": -13.638871810750583,
      "adjusted_r2": null,
      "nse": -13.638871810750583,
      "kge": 0.5203878135704954,
      "pbias": -6.309118631459041,
      "index_of_agreement": 0.32391935572152886,
      "mean_bias_error": 0.29420742956717943,
      "correlation": 0.5450169045765133
    },
    "22": {
      "mae": 0.31965157115885506,
      "rmse": 0.35198611290140563,
      "mape": 0.3142650838399772,
      "smape": 0.31469102933412313,
      "wmape": 0.31459946496363383,
      "mase": 0.3352530520949656,
      "r2": 0.8335285344924961,
      "adjusted_r2": null,
      "nse": 0.8335285344924961,
      "kge": 0.8600602672699666,
      "pbias": 0.18500397395149654,
      "index_of_agreement": 0.9517897671115598,
      "mean_bias_error": -0.1879749253580698,
      "correlation": 0.9410789666084277
    },
    "23": {
      "mae": 0.019294508213022848,
      "rmse": 0.024207339834505324,
      "mape": 1.4920091540377407,
      "smape": 1.4893471996742222,
      "wmape": 1.4875968524781749,
      "mase": 0.01040122094046462,
      "r2": -2.0909095803925446,
      "adjusted_r2": null,
      "nse": -2.0909095803925446,
      "kge": -0.4130500453754873,
      "pbias": -0.5133525954752984,
      "index_of_agreement": 0.7214635551618751,
      "mean_bias_error": 0.006658313274241119,
      "correlation": 0.8135651166116796
    },
    "27": {
      "mae": 6.047754643196622,
      "rmse": 6.866931426371698,
      "mape": 2.249986279513616,
      "smape": 2.278475310863863,
      "wmape": 2.276057722143462,
      "mase": 0.7450960658957869,
      "r2": 0.8131517093986442,
      "adjusted_r2": null,
      "nse": 0.8131517093986442,
      "kge": 0.851146667181333,
      "pbias": 1.7988741375083492,
      "index_of_agreement": 0.9462411363932902,
      "mean_bias_error": -4.77982140426433,
      "correlation": 0.9554962202549517
    },
    "3": {
      "mae": 4.294551003873693,
      "rmse": 4.889503523758076,
      "mape": 1.9921890013186307,
      "smape": 2.0141190407722354,
      "wmape": 2.009420516849109,
      "mase": 0.6292412924327652,
      "r2": 0.8015927869638907,
      "adjusted_r2": null,
      "nse": 0.8015927869638907,
      "kge": 0.8512050086540883,
      "pbias": 1.542356204790337,
      "index_of_agreement": 0.9428606663106726,
      "mean_bias_error": -3.296337094238273,
      "correlation": 0.9483359478824698
    },
    "31": {
      "mae": 6.512493885351565,
      "rmse": 7.426385228600132,
      "mape": 1.842929258857977,
      "smape": 1.8625248225767475,
      "wmape": 1.8578196132740865,
      "mase": 0.6130505184928506,
      "r2": 0.8134534848268886,
      "adjusted_r2": null,
      "nse": 0.8134534848268886,
      "kge": 0.8724983167160126,
      "pbias": 1.4768316168352336,
      "index_of_agreement": 0.9474856815253692,
      "mean_bias_error": -5.176959488216141,
      "correlation": 0.9535161112065608
    },
    "33": {
      "mae": 0.9776678527343657,
      "rmse": 1.1196391748536338,
      "mape": 0.27045098295140835,
      "smape": 0.2708015112872837,
      "wmape": 0.2707524103628043,
      "mase": 0.3040097835140407,
      "r2": 0.7879344306496379,
      "adjusted_r2": null,
      "nse": 0.7879344306496379,
      "kge": 0.8068956540511985,
      "pbias": 0.1788322853240643,
      "index_of_agreement": 0.9351369381536194,
      "mean_bias_error": -0.6457507660156239,
      "correlation": 0.9336473600290232
    },
    "35": {
      "mae": 0.051524953183594846,
      "rmse": 0.06283848056627882,
      "mape": 0.0640926597454761,
      "smape": 0.06407828462428082,
      "wmape": 0.06410431013856857,
      "mase": 0.10375753623442158,
      "r2": -1.307696487637961,
      "adjusted_r2": null,
      "nse": -1.307696487637961,
      "kge": -0.1301362256355374,
      "pbias": -0.03130073193127039,
      "index_of_agreement": 0.7618740451559001,
      "mean_bias_error": 0.025158507187500827,
      "correlation": 0.837886351770251
    },
    "38": {
      "mae": 0.07761725806315194,
      "rmse": 0.08102925632568508,
      "mape": 0.11928234986745524,
      "smape": 0.11935279919779794,
      "wmape": 0.1193262142074515,
      "mase": 0.1819381203969201,
      "r2": 0.661759269874135,
      "adjusted_r2": null,
      "nse": 0.661759269874135,
      "kge": 0.7898368783051611,
      "pbias": 0.09764845293904227,
      "index_of_agreement": 0.90227476845412,
      "mean_bias_error": -0.0635166817415372,
      "correlation": 0.9439593249696777
    },
    "40": {
      "mae": 8.914714965039053,
      "rmse": 10.41860686341613,
      "mape": 2.5667768240718187,
      "smape": 2.610885573229113,
      "wmape": 2.616208239635425,
      "mase": 0.7667216761931023,
      "r2": 0.8109765602242243,
      "adjusted_r2": null,
      "nse": 0.8109765602242243,
      "kge": 0.8703999008471959,
      "pbias": 2.465073831521585,
      "index_of_agreement": 0.9473744794061894,
      "mean_bias_error": -8.39972531347656,
      "correlation": 0.9710019215102206
    },
    "45": {
      "mae": 4.524932614480796,
      "rmse": 5.837412954988848,
      "mape": 13.817202466802689,
      "smape": 12.738162069903444,
      "wmape": 12.590988192306831,
      "mase": 1.867647505333858,
      "r2": -0.9150175918837753,
      "adjusted_r2": null,
      "nse": -0.9150175918837753,
      "kge": -0.009068479511400884,
      "pbias": -4.351340171622647,
      "index_of_agreement": 0.47540026510916733,
      "mean_bias_error": 1.5637788518701174,
      "correlation": -0.001052869841613066
    },
    "48": {
      "mae": 4.80154229514974,
      "rmse": 5.413630682843909,
      "mape": 3.636334980623178,
      "smape": 3.709944223509826,
      "wmape": 3.686263899448323,
      "mase": 0.7208781421292362,
      "r2": 0.8412059707247083,
      "adjusted_r2": null,
      "nse": 0.8412059707247083,
      "kge": 0.8706914365766448,
      "pbias": 2.9724177864374206,
      "index_of_agreement": 0.955271892704642,
      "mean_bias_error": -3.8717221853190105,
      "correlation": 0.964167022884342
    },
    "50": {
      "mae": 0.024698991191405877,
      "rmse": 0.03323085893771597,
      "mape": 0.06506792244607745,
      "smape": 0.06510559970147395,
      "wmape": 0.06506331583263815,
      "mase": 0.06735172056987665,
      "r2": -0.6762722466621403,
      "adjusted_r2": null,
      "nse": -0.6762722466621403,
      "kge": 0.43247655840425936,
      "pbias": 0.05583773062697618,
      "index_of_agreement": 0.7391032709720783,
      "mean_bias_error": -0.02119682342122431,
      "correlation": 0.7587477928303451
    }
  },
  "observations": 78,
  "reservoir": {
    "decline_peak_production_error_pct": 1.513629654684715,
    "decline_peak_time_error_months": null,
    "decline_decline_rate_true": -0.02904132025634941,
    "decline_decline_rate_pred": -0.023216788850683807,
    "decline_decline_rate_error_pct": -20.05601520458532,
    "decline_cumulative_error_pct": 1.2344651764348094,
    "decline_plateau_duration_true": null,
    "decline_plateau_duration_pred": null,
    "decline_plateau_duration_error": null,
    "reliability_direction_accuracy": 0.8974358974358975,
    "reliability_forecast_skill_vs_persistence": 0.9954560753687804
  }
}