{
  "overall": {
    "mae": 3.002164080381762,
    "rmse": 4.996639371984907,
    "mape": 2.875106137399567,
    "smape": 2.791653646971268,
    "wmape": 1.9622347106781388,
    "mase": 0.5993072201964115,
    "r2": 0.9985480948847666,
    "adjusted_r2": null,
    "nse": 0.9985480948847666,
    "kge": 0.9871967034838547,
    "pbias": 0.5016626756938559,
    "index_of_agreement": 0.9996326008094956,
    "mean_bias_error": -0.7675298256831914,
    "correlation": 0.9993527334054964
  },
  "by_well": {
    "14": {
      "mae": 0.3227668759020183,
      "rmse": 0.3280382848427477,
      "mape": 6.9445871784680895,
      "smape": 6.703112907275897,
      "wmape": 6.921560456060018,
      "mase": 0.2443769070796914,
      "r2": -16.20022871819236,
      "adjusted_r2": null,
      "nse": -16.20022871819236,
      "kge": 0.27129969918001473,
      "pbias": -6.921560456060018,
      "index_of_agreement": 0.30880217764797735,
      "mean_bias_error": 0.3227668759020183,
      "correlation": 0.9564319321453839
    },
    "22": {
      "mae": 0.2903014890299455,
      "rmse": 0.36035414283562245,
      "mape": 0.2871933488139871,
      "smape": 0.2867371406566196,
      "wmape": 0.2857132620867991,
      "mase": 0.30447045785561216,
      "r2": 0.8255191442007279,
      "adjusted_r2": null,
      "nse": 0.8255191442007279,
      "kge": 0.660715776978287,
      "pbias": -0.08997121115840725,
      "index_of_agreement": 0.9360063483951849,
      "mean_bias_error": 0.09141604550781561,
      "correlation": 0.9626305535472487
    },
    "23": {
      "mae": 0.06478559732422891,
      "rmse": 0.06517491136247977,
      "mape": 5.000682811201083,
      "smape": 4.877057228051469,
      "wmape": 4.994936880557189,
      "mase": 0.034924409790059494,
      "r2": -21.40541873874014,
      "adjusted_r2": null,
      "nse": -21.40541873874014,
      "kge": 0.5760085255581985,
      "pbias": -4.994936880557189,
      "index_of_agreement": 0.2901885004905581,
      "mean_bias_error": 0.06478559732422891,
      "correlation": 0.91795109307993
    },
    "27": {
      "mae": 6.323977345084643,
      "rmse": 7.0105918949974155,
      "mape": 2.3447266263307482,
      "smape": 2.3570048678675333,
      "wmape": 2.3800134628696195,
      "mase": 0.7791272825423479,
      "r2": 0.8052519665831643,
      "adjusted_r2": null,
      "nse": 0.8052519665831643,
      "kge": 0.6191076421690213,
      "pbias": 0.8144073492403211,
      "index_of_agreement": 0.9255472404895357,
      "mean_bias_error": -2.16397667770183,
      "correlation": 0.9743257573177566
    },
    "3": {
      "mae": 4.395751750065102,
      "rmse": 4.7799027134279175,
      "mape": 2.0322948034019905,
      "smape": 2.042037787437013,
      "wmape": 2.0567723483989107,
      "mase": 0.6440693124682016,
      "r2": 0.8103879015386304,
      "adjusted_r2": null,
      "nse": 0.8103879015386304,
      "kge": 0.6282905045090132,
      "pbias": 0.7530331297476418,
      "index_of_agreement": 0.9285281475428163,
      "mean_bias_error": -1.6093889537760333,
      "correlation": 0.9756848098209782
    },
    "31": {
      "mae": 7.1558745106119845,
      "rmse": 7.8855108778768885,
      "mape": 2.010590910325465,
      "smape": 2.022866380039605,
      "wmape": 2.0413568519190064,
      "mase": 0.6736148480488948,
      "r2": 0.7896745321555183,
      "adjusted_r2": null,
      "nse": 0.7896745321555183,
      "kge": 0.6208535846003342,
      "pbias": 0.8528468584922718,
      "index_of_agreement": 0.9198789412782936,
      "mean_bias_error": -2.9896120761067664,
      "correlation": 0.9700115729584314
    },
    "33": {
      "mae": 0.9095272446614521,
      "rmse": 0.950546193051909,
      "mape": 0.2519312397069946,
      "smape": 0.2519433714070694,
      "wmape": 0.2518817542113012,
      "mase": 0.28282118510526183,
      "r2": 0.8471517588920546,
      "adjusted_r2": null,
      "nse": 0.8471517588920546,
      "kge": 0.6578270040589389,
      "pbias": 0.04244565417430899,
      "index_of_agreement": 0.943865712089138,
      "mean_bias_error": -0.15326826276041552,
      "correlation": 0.9754089247467443
    },
    "35": {
      "mae": 0.13238456106119875,
      "rmse": 0.13431764972088248,
      "mape": 0.1647191444306715,
      "smape": 0.16457958998632988,
      "wmape": 0.1647050688156154,
      "mase": 0.2665872561250328,
      "r2": -9.543711313195265,
      "adjusted_r2": null,
      "nse": -9.543711313195265,
      "kge": 0.48987457476751495,
      "pbias": -0.16470506881561542,
      "index_of_agreement": 0.38352552822580444,
      "mean_bias_error": 0.13238456106119875,
      "correlation": 0.9562890177403658
    },
    "38": {
      "mae": 0.055871412555338416,
      "rmse": 0.07759502302855761,
      "mape": 0.08604576852378411,
      "smape": 0.08597521479418961,
      "wmape": 0.08589486808754285,
      "mase": 0.13096494307964943,
      "r2": 0.6898227582244784,
      "adjusted_r2": null,
      "nse": 0.6898227582244784,
      "kge": 0.663300935658762,
      "pbias": -0.07823450609249066,
      "index_of_agreement": 0.8910233850712882,
      "mean_bias_error": 0.050888632386066966,
      "correlation": 0.9506406879058193
    },
    "40": {
      "mae": 10.117419428841146,
      "rmse": 11.480408112799022,
      "mape": 2.893934036423661,
      "smape": 2.922772578545873,
      "wmape": 2.9691668412716083,
      "mase": 0.8701618406927675,
      "r2": 0.770485031512642,
      "adjusted_r2": null,
      "nse": 0.770485031512642,
      "kge": 0.5977848956227791,
      "pbias": 1.3275730896081717,
      "index_of_agreement": 0.9103191520609958,
      "mean_bias_error": -4.523697888346352,
      "correlation": 0.9724189679674026
    },
    "45": {
      "mae": 3.718177954012045,
      "rmse": 4.377206636374922,
      "mape": 11.147500951518689,
      "smape": 10.327123117953658,
      "wmape": 10.346128595604066,
      "mase": 1.5346628053586489,
      "r2": -0.0767776451611113,
      "adjusted_r2": null,
      "nse": -0.0767776451611113,
      "kge": 0.32017319381856135,
      "pbias": -7.8798614956628725,
      "index_of_agreement": 0.6145449066294166,
      "mean_bias_error": 2.831854159080404,
      "correlation": 0.655578120803316
    },
    "48": {
      "mae": 5.504714294449869,
      "rmse": 6.185105993778109,
      "mape": 4.1157869210774685,
      "smape": 4.153955245273915,
      "wmape": 4.2261065993119376,
      "mase": 0.826448663702028,
      "r2": 0.7927229534325908,
      "adjusted_r2": null,
      "nse": 0.7927229534325908,
      "kge": 0.6091366910586669,
      "pbias": 1.5881314726301645,
      "index_of_agreement": 0.9197894143955129,
      "mean_bias_error": -2.0686203278157556,
      "correlation": 0.9735659704049289
    },
    "50": {
      "mae": 0.03658058136393194,
      "rmse": 0.03947022844072834,
      "mape": 0.09638604597174215,
      "smape": 0.09633198133729978,
      "wmape": 0.09636239392041128,
      "mase": 0.0997516487703538,
      "r2": -1.3648342179070139,
      "adjusted_r2": null,
      "nse": -1.3648342179070139,
      "kge": 0.5331291851954916,
      "pbias": -0.09636239392041127,
      "index_of_agreement": 0.5896433536864565,
      "mean_bias_error": 0.03658058136393194,
      "correlation": 0.8818391267741287
    }
  },
  "observations": 78,
  "reservoir": {
    "decline_peak_production_error_pct": 2.942139627875259,
    "decline_peak_time_error_months": null,
    "decline_decline_rate_true": -0.02904132025634941,
    "decline_decline_rate_pred": -0.03531930202985308,
    "decline_decline_rate_error_pct": -21.617412480774593,
    "decline_cumulative_error_pct": 0.5016534506397131,
    "decline_plateau_duration_true": null,
    "decline_plateau_duration_pred": null,
    "decline_plateau_duration_error": null,
    "reliability_direction_accuracy": 0.8846153846153846,
    "reliability_picp": 0.9871794871794872,
    "reliability_picp_deviation_from_target": 0.0871794871794872,
    "reliability_mpiw": 33.92170303660809,