{
  "overall": {
    "mae": 112.48234837435007,
    "rmse": 150.2851639878429,
    "mape": 640.625752283228,
    "smape": 91.55560507299114,
    "wmape": 73.51922227071398,
    "mase": 22.454296874014922,
    "r2": -0.31345271605312486,
    "adjusted_r2": null,
    "nse": -0.31345271605312486,
    "kge": -0.4694787578435997,
    "pbias": 47.98451912321824,
    "index_of_agreement": 0.4340921886684975,
    "mean_bias_error": -73.41496862846344,
    "correlation": 0.011727777348808636
  },
  "by_well": {
    "14": {
      "mae": 74.91901740995964,
      "rmse": 74.98592888260069,
      "mape": 1607.2065508765527,
      "smape": 177.82615244565824,
      "wmape": 1606.5976623606996,
      "mase": 56.72353368024467,
      "r2": -898761.012782086,
      "adjusted_r2": null,
      "nse": -898761.012782086,
      "kge": -41.11051131038346,
      "pbias": -1606.5976623606998,
      "index_of_agreement": 0.0017637359630321425,
      "mean_bias_error": 74.91901740995964,
      "correlation": -0.11909639022770716
    },
    "22": {
      "mae": 22.023658112207027,
      "rmse": 22.206961945666126,
      "mape": 21.682558410712783,
      "smape": 24.37651770812154,
      "wmape": 21.675573292267817,
      "mase": 23.09858379123726,
      "r2": -661.6238153253662,
      "adjusted_r2": null,
      "nse": -661.6238153253662,
      "kge": -1.7185902118713337,
      "pbias": 21.675573292267813,
      "index_of_agreement": 0.0729753834332394,
      "mean_bias_error": -22.023658112207027,
      "correlation": 0.4775973908811253
    },
    "23": {
      "mae": 78.28520172595964,
      "rmse": 78.34879883677691,
      "mape": 6036.323799823111,
      "smape": 193.5755676529118,
      "wmape": 6035.74957171253,
      "mase": 42.20173276927378,
      "r2": -32378508.439773425,
      "adjusted_r2": null,
      "nse": -32378508.439773425,
      "kge": -235.10641411816232,
      "pbias": -6035.749571712529,
      "index_of_agreement": 0.00030187205903509096,
      "mean_bias_error": 78.28520172595964,
      "correlation": 0.03855547221832531
    },
    "27": {
      "mae": 186.12960371220706,
      "rmse": 186.7649350057327,
      "mape": 69.96317498669376,
      "smape": 107.66635388005447,
      "wmape": 70.04942277630988,
      "mase": 22.93155785159363,
      "r2": -137.21474920978824,
      "adjusted_r2": null,
      "nse": -137.21474920978824,
      "kge": -0.3000242181294994,
      "pbias": 70.0494227763099,
      "index_of_agreement": 0.132978860046444,
      "mean_bias_error": -186.12960371220706,
      "correlation": 0.2534748281938703
    },
    "3": {
      "mae": 134.13864259554035,
      "rmse": 134.550904552569,
      "mape": 62.68886424183885,
      "smape": 91.37207044644028,
      "wmape": 62.76347406065086,
      "mase": 19.654108836025138,
      "r2": -149.245396233573,
      "adjusted_r2": null,
      "nse": -149.245396233573,
      "kge": -0.18910374054454437,
      "pbias": 62.76347406065085,
      "index_of_agreement": 0.13064997155288494,
      "mean_bias_error": -134.13864259554035,
      "correlation": 0.28411817096996617
    },
    "31": {
      "mae": 270.96277949554036,
      "rmse": 271.4784553560577,
      "mape": 77.25483101948018,
      "smape": 125.91100776286643,
      "wmape": 77.29757218603535,
      "mase": 25.506952541735497,
      "r2": -248.28889484807146,
      "adjusted_r2": null,
      "nse": -248.28889484807146,
      "kge": -0.35793467873738516,
      "pbias": 77.29757218603534,
      "index_of_agreement": 0.10164499538512894,
      "mean_bias_error": -270.96277949554036,
      "correlation": 0.2384435328164448
    },
    "33": {
      "mae": 281.51071811220703,
      "rmse": 281.5283924721184,
      "mape": 77.96202038052321,
      "smape": 127.7819200216577,
      "wmape": 77.96073611162608,
      "mase": 87.53689939872349,
      "r2": -13406.826850953263,
      "adjusted_r2": null,
      "nse": -13406.826850953263,
      "kge": -0.03625402595874205,
      "pbias": 77.96073611162608,
      "index_of_agreement": 0.01611990129759555,
      "mean_bias_error": -281.51071811220703,
      "correlation": 0.3859727522431492
    },
    "35": {
      "mae": 2.659872218470054,
      "rmse": 3.232306617572843,
      "mape": 3.3090614381881185,
      "smape": 3.349418587900694,
      "wmape": 3.3092562552013263,
      "mase": 5.356274407537132,
      "r2": -6104.9387187228,
      "adjusted_r2": null,
      "nse": -6104.9387187228,
      "kge": -74.31346720506873,
      "pbias": 0.988483239991567,
      "index_of_agreement": 0.02929910419427395,
      "mean_bias_error": -0.7945105805403637,
      "correlation": 0.5735462045733237
    },
    "38": {
      "mae": 14.535951549459634,
      "rmse": 14.859044354558753,
      "mape": 22.341895797795562,
      "smape": 20.01567076187811,
      "wmape": 22.347092793315305,
      "mase": 34.072882359972255,
      "r2": -11373.281051219277,
      "adjusted_r2": null,
      "nse": -11373.281051219277,
      "kge": -20.66272268260032,
      "pbias": -22.347092793315305,
      "index_of_agreement": 0.017853290910161523,
      "mean_bias_error": 14.535951549459634,
      "correlation": 0.5533501891858119
    },
    "40": {
      "mae": 261.1672144288737,
      "rmse": 262.2218489701104,
      "mape": 76.54719939513257,
      "smape": 124.06834688404832,
      "wmape": 76.64494277057999,
      "mase": 22.46202657055028,
      "r2": -118.73858220038719,
      "adjusted_r2": null,
      "nse": -118.73858220038719,
      "kge": -0.4002199890357794,
      "pbias": 76.64494277058,
      "index_of_agreement": 0.1412175330306965,
      "mean_bias_error": -261.1672144288737,
      "correlation": 0.213059467550368
    },
    "45": {
      "mae": 43.6443598811263,
      "rmse": 44.0289217024621,
      "mape": 124.89686898475621,
      "smape": 75.80311136477029,
      "wmape": 121.4439344721834,
      "mase": 18.014031765472293,
      "r2": -107.9451826973574,
      "adjusted_r2": null,
      "nse": -107.9451826973574,
      "kge": -0.7423070060033381,
      "pbias": -121.44393447218339,
      "index_of_agreement": 0.1394759498508913,
      "mean_bias_error": 43.6443598811263,
      "correlation": -0.22369766524100132
    },
    "48": {
      "mae": 50.67275266220704,
      "rmse": 52.3689557379262,
      "mape": 38.321639673726324,
      "smape": 47.75243441535221,
      "wmape": 38.90273735858916,
      "mase": 7.607738836874483,
      "r2": -13.859518833961237,
      "adjusted_r2": null,
      "nse": -13.859518833961237,
      "kge": -0.15462112479795453,
      "pbias": 38.90273735858916,
      "index_of_agreement": 0.3155942474989667,
      "mean_bias_error": -50.67275266220704,
      "correlation": 0.23023730719283467
    },
    "50": {
      "mae": 41.620756962792974,
      "rmse": 41.73917604308445,
      "mape": 109.63631465345311,
      "smape": 70.72429401722454,
      "wmape": 109.6394761420834,
      "mase": 113.49571207751096,
      "r2": -2644533.0549316793,
      "adjusted_r2": null,
      "nse": -2644533.0549316793,
      "kge": -120.99326714651443,
      "pbias": -109.6394761420834,
      "index_of_agreement": 0.0010988732716776806,
      "mean_bias_error": 41.620756962792974,
      "correlation": 0.5793780546295692
    }
  },
  "observations": 78,
  "reservoir": {
    "decline_peak_production_error_pct": 77.56535622678133,
    "decline_peak_time_error_months": null,
    "decline_decline_rate_true": -0.02904132025634986,
    "decline_decline_rate_pred": 0.0008785090738724455,
    "decline_decline_rate_error_pct": -103.02503500656348,
    "decline_cumulative_error_pct": 47.98451912321828,
    "decline_plateau_duration_true": null,
    "decline_plateau_duration_pred": null,
    "decline_plateau_duration_error": null,
    "reliability_direction_accuracy": 0.47435897435897434,
    "reliability_forecast_skill_vs_persistence": -3.4527590284669634
  },
  "operational": {
    "macro_mae_by_well": 112.48234837435007,
    "worst_3_wells_mae": 271.21357067887374,
    "worst_3_wells_r2": -4591.284776000574,