{
  "overall": {
    "mae": 118.7534537042907,
    "rmse": 162.46776214081166,
    "mape": 475.66117162980487,
    "smape": 100.32174797232689,
    "wmape": 77.61805905086872,
    "mase": 23.706166725967755,
    "r2": -0.5350291275604147,
    "adjusted_r2": null,
    "nse": -0.5350291275604147,
    "kge": -0.48971144399791267,
    "pbias": 62.5201057931657,
    "index_of_agreement": 0.4609535140264408,
    "mean_bias_error": -95.6540086119683,
    "correlation": 0.01603934654205105
  },
  "by_well": {
    "14": {
      "mae": 53.45804494190136,
      "rmse": 54.31384458322712,
      "mape": 1146.5259364602496,
      "smape": 169.41054871509954,
      "wmape": 1146.3787567856496,
      "mase": 40.47475951464977,
      "r2": -471525.65426409413,
      "adjusted_r2": null,
      "nse": -471525.65426409413,
      "kge": -120.02808325504043,
      "pbias": -1146.3787567856496,
      "index_of_agreement": 0.0026595085687440845,
      "mean_bias_error": 53.45804494190136,
      "correlation": 0.06689541928890448
    },
    "22": {
      "mae": 44.92961310895182,
      "rmse": 46.02522937219231,
      "mape": 44.16214932521705,
      "smape": 57.711448154495905,
      "wmape": 44.219498730618845,
      "mase": 47.122527412000174,
      "r2": -2845.2999630399095,
      "adjusted_r2": null,
      "nse": -2845.2999630399095,
      "kge": -9.02122438467208,
      "pbias": 44.21949873061884,
      "index_of_agreement": 0.027629456911390515,
      "mean_bias_error": -44.92961310895182,
      "correlation": -0.6782683131911603
    },
    "23": {
      "mae": 56.82422925790136,
      "rmse": 57.63080810946747,
      "mape": 4381.357367765932,
      "smape": 190.97294398476078,
      "wmape": 4381.119417778041,
      "mase": 30.632621301232337,
      "r2": -17518687.289486263,
      "adjusted_r2": null,
      "nse": -17518687.289486263,
      "kge": -697.2225336549114,
      "pbias": -4381.119417778041,
      "index_of_agreement": 0.00043140760514392973,
      "mean_bias_error": 56.82422925790136,
      "correlation": 0.03683932693241722
    },
    "27": {
      "mae": 207.59057618026532,
      "rmse": 208.70315846968288,
      "mape": 77.96132475529224,
      "smape": 128.19442360876988,
      "wmape": 78.12620746624133,
      "mase": 25.575594704880395,
      "r2": -171.59243311945986,
      "adjusted_r2": null,
      "nse": -171.59243311945986,
      "kge": -0.6410909718187079,
      "pbias": 78.12620746624133,
      "index_of_agreement": 0.11581904368144658,
      "mean_bias_error": -207.59057618026532,
      "correlation": -0.38804283011885377
    },
    "3": {
      "mae": 157.04459759228516,
      "rmse": 157.98860241923973,
      "mape": 73.3107904803104,
      "smape": 116.27819473528483,
      "wmape": 73.48117094839634,
      "mase": 23.01030898676443,
      "r2": -206.14737987810932,
      "adjusted_r2": null,
      "nse": -206.14737987810932,
      "kge": -0.6162298317506567,
      "pbias": 73.48117094839634,
      "index_of_agreement": 0.10733555919324944,
      "mean_bias_error": -157.04459759228516,
      "correlation": -0.4321350959526819
    },
    "31": {
      "mae": 292.42375196359865,
      "rmse": 293.29488578382285,
      "mape": 83.32872609981715,
      "smape": 143.10314262968964,
      "wmape": 83.41974539233563,
      "mase": 27.527170991152694,
      "r2": -289.96528311347373,
      "adjusted_r2": null,
      "nse": -289.96528311347373,
      "kge": -0.6635831617432479,
      "pbias": 83.41974539233563,
      "index_of_agreement": 0.0920633544674222,
      "mean_bias_error": -292.42375196359865,
      "correlation": -0.37003367703501994
    },
    "33": {
      "mae": 302.97169058026526,
      "rmse": 303.1769187674169,
      "mape": 83.89327448920525,
      "smape": 144.70508321536047,
      "wmape": 83.90407362467337,
      "mase": 94.21027581768594,
      "r2": -15548.135977909466,
      "adjusted_r2": null,
      "nse": -15548.135977909466,
      "kge": -2.4426423249268088,
      "pbias": 83.90407362467337,
      "index_of_agreement": 0.01451128284729164,
      "mean_bias_error": -302.97169058026526,
      "correlation": -0.55990688040928
    },
    "35": {
      "mae": 23.700465577285154,
      "rmse": 25.49948135648243,
      "mape": 29.482243665497215,
      "smape": 35.78429409988016,
      "wmape": 29.486722489220817,
      "mase": 47.726426982776665,
      "r2": -380004.6317859734,
      "adjusted_r2": null,
      "nse": -380004.6317859734,
      "kge": -224.70121706505407,
      "pbias": 29.486722489220814,
      "index_of_agreement": 0.0019125827165565878,
      "mean_bias_error": -23.700465577285154,
      "correlation": -0.7429598204997127
    },
    "38": {
      "mae": 8.890977286354167,
      "rmse": 12.649694413206436,
      "mape": 13.646676311862215,
      "smape": 15.94711138503346,
      "wmape": 13.66869542495148,
      "mase": 20.84082504763113,
      "r2": -8242.322013040137,
      "adjusted_r2": null,
      "nse": -8242.322013040137,
      "kge": -65.32877925410435,
      "pbias": 12.867767416561298,
      "index_of_agreement": 0.0015060514789629886,
      "mean_bias_error": -8.370003447285157,
      "correlation": -0.7673272041776878
    },
    "40": {
      "mae": 282.62818689693194,
      "rmse": 284.0808649807574,
      "mape": 82.78930577338483,
      "smape": 141.57412932715133,
      "wmape": 82.9431108243779,
      "mase": 24.30780547071409,
      "r2": -139.53364934377305,
      "adjusted_r2": null,
      "nse": -139.53364934377305,
      "kge": -0.6860955015216552,
      "pbias": 82.9431108243779,
      "index_of_agreement": 0.12835122414507638,
      "mean_bias_error": -282.62818689693194,
      "correlation": -0.34019578858413846
    },
    "45": {
      "mae": 20.953277488043618,
      "rmse": 23.879717237672082,
      "mape": 61.86875201294871,
      "smape": 43.878063807493966,
      "wmape": 58.30417641973161,
      "mase": 8.648379934737,
      "r2": -31.04721489563071,
      "adjusted_r2": null,
      "nse": -31.04721489563071,
      "kge": -0.9719726506905277,
      "pbias": -57.706276153349364,
      "index_of_agreement": 0.16557243114848252,
      "mean_bias_error": 20.738404884381513,
      "correlation": -0.4352362106805193
    },
    "48": {
      "mae": 73.57870765895181,
      "rmse": 76.01933593642005,
      "mape": 55.73046542172361,
      "smape": 78.65410832117577,
      "wmape": 56.48821089949336,
      "mase": 11.046717662163434,
      "r2": -30.311585695727572,
      "adjusted_r2": null,
      "nse": -30.311585695727572,
      "kge": -0.5080428640398666,
      "pbias": 56.48821089949337,
      "index_of_agreement": 0.21809089718666974,
      "mean_bias_error": -73.57870765895181,
      "correlation": -0.3635084852120434
    },
    "50": {
      "mae": 18.800779623043624,
      "rmse": 20.94124189738735,
      "mape": 49.538218626021006,
      "smape": 37.96923165605372,
      "wmape": 49.52595241782778,
      "mase": 51.267877536134655,
      "r2": -665680.1937133763,
      "adjusted_r2": null,
      "nse": -665680.1937133763,
      "kge": -363.353281315405,
      "pbias": -49.29946578085164,
      "index_of_agreement": 0.0010036323396319657,
      "mean_bias_error": 18.71480196604818,
      "correlation": -0.7431973607520083
    }
  },
  "observations": 78,
  "reservoir": {
    "decline_peak_production_error_pct": 81.79050324604542,
    "decline_peak_time_error_months": null,
    "decline_decline_rate_true": -0.02904132025634986,
    "decline_decline_rate_pred": -0.0012293865102530987,
    "decline_decline_rate_error_pct": -95.76677113253285,
    "decline_cumulative_error_pct": 62.520105793165726,
    "decline_plateau_duration_true": null,
    "decline_plateau_duration_pred": null,
    "decline_plateau_duration_error": null,
    "reliability_direction_accuracy": 0.2564102564102564,
    "reliability_forecast_skill_vs_persistence": -4.203929097077557
  },
  "operational": {
    "macro_mae_by_well": 118.7534537042907,
    "worst_3_wells_mae": 292.67454314693197,