{
  "folds": [
    {
      "fold": 1,
      "train_span": [
        1,
        145
      ],
      "val_span": [
        146,
        151
      ],
      "train_rows": 1885,
      "rows": 78,
      "indices": {
        "train_end_idx": 144,
        "val_start_idx": 145,
        "val_end_idx": 150
      },
      "metrics": {
        "mae": 11.415758000109367,
        "rmse": 19.488188532419276,
        "mape": 10.133249619852975,
        "smape": 8.916466423627334,
        "wmape": 7.448659002239351,
        "mase": 2.6854211443917855,
        "r2": 0.9780408946748771,
        "adjusted_r2": null,
        "nse": 0.9780408946748771,
        "kge": 0.9322794587919097,
        "pbias": -4.981978752880028,
        "index_of_agreement": 0.9947347262640078,
        "mean_bias_error": 7.6353426552976655,
        "correlation": 0.992084183729283
      },
      "lag_pairs": 65
    },
    {
      "fold": 2,
      "train_span": [
        1,
        151
      ],
      "val_span": [
        152,
        157
      ],
      "train_rows": 1963,
      "rows": 78,
      "indices": {
        "train_end_idx": 150,
        "val_start_idx": 151,
        "val_end_idx": 156
      },
      "metrics": {
        "mae": 6.800548472244995,
        "rmse": 12.2231313848849,
        "mape": 6.398594735716315,
        "smape": 6.080378079884747,
        "wmape": 4.475157163568498,
        "mase": 1.5120756145312042,
        "r2": 0.991240664916334,
        "adjusted_r2": null,
        "nse": 0.991240664916334,
        "kge": 0.995256288496933,
        "pbias": 0.18020597452323897,
        "index_of_agreement": 0.9978047329550479,
        "mean_bias_error": -0.27384501145792567,
        "correlation": 0.9956213136103129
      },
      "lag_pairs": 65
    },
    {
      "fold": 3,
      "train_span": [
        1,
        157
      ],
      "val_span": [
        158,
        163
      ],
      "train_rows": 2041,
      "rows": 78,
      "indices": {
        "train_end_idx": 156,
        "val_start_idx": 157,
        "val_end_idx": 162
      },
      "metrics": {
        "mae": 7.952932029277785,
        "rmse": 14.535818715403,
        "mape": 6.526483458150463,
        "smape": 6.406276307640359,
        "wmape": 5.200514776955523,
        "mase": 1.7558403103627473,
        "r2": 0.9877542550357646,
        "adjusted_r2": null,
        "nse": 0.9877542550357646,
        "kge": 0.9830239582147854,
        "pbias": 1.263755836828884,
        "index_of_agreement": 0.9968997889758333,
        "mean_bias_error": -1.9326095017437803,
        "correlation": 0.9939735882348278
      },
      "lag_pairs": 65
    },
    {
      "fold": 4,
      "train_span": [
        1,
        163
      ],
      "val_span": [
        164,
        169
      ],
      "train_rows": 2119,
      "rows": 78,
      "indices": {
        "train_end_idx": 162,
        "val_start_idx": 163,
        "val_end_idx": 168
      },
      "metrics": {
        "mae": 6.915236345947823,
        "rmse": 12.7385963512889,
        "mape": 6.492003856727406,
        "smape": 7.277139961467288,
        "wmape": 4.525965059619486,
        "mase": 1.4555174552856769,
        "r2": 0.9903044573217147,
        "adjusted_r2": null,
        "nse": 0.9903044573217147,
        "kge": 0.9509669879635133,
        "pbias": 4.159656488573749,
        "index_of_agreement": 0.9975098174084048,
        "mean_bias_error": -6.35555232034011,
        "correlation": 0.9966027146740628
      },
      "lag_pairs": 65
    },
    {
      "fold": 5,
      "train_span": [
        1,
        169
      ],
      "val_span": [
        170,
        175
      ],
      "train_rows": 2197,
      "rows": 78,
      "indices": {
        "train_end_idx": 168,
        "val_start_idx": 169,
        "val_end_idx": 174
      },
      "metrics": {
        "mae": 12.552300594041009,
        "rmse": 19.729150405286823,
        "mape": 9.431578240619611,
        "smape": 10.808293150623637,
        "wmape": 8.14986399409711,
        "mase": 2.618770311368334,
        "r2": 0.977160652714889,
        "adjusted_r2": null,
        "nse": 0.977160652714889,
        "kge": 0.8956629701008068,
        "pbias": 8.139328974134052,
        "index_of_agreement": 0.9938993101575075,
        "mean_bias_error": -12.536074711322437,
        "correlation": 0.9949824707878497
      },
      "lag_pairs": 65
    },
    {
      "fold": 6,
      "train_span": [
        1,
        175
      ],
      "val_span": [
        176,
        181
      ],
      "train_rows": 2275,
      "rows": 78,
      "indices": {
        "train_end_idx": 174,
        "val_start_idx": 175,
        "val_end_idx": 180
      },
      "metrics": {
        "mae": 6.823306830927077,
        "rmse": 13.226791553904762,
        "mape": 5.912881384733653,
        "smape": 6.338976708836181,
        "wmape": 4.4851502415264415,
        "mase": 1.3678737120727165,
        "r2": 0.9895221902348973,
        "adjusted_r2": null,
        "nse": 0.9895221902348973,
        "kge": 0.9557430923920941,
        "pbias": 3.562145789670689,
        "index_of_agreement": 0.9973069166975385,
        "mean_bias_error": -5.419130327983429,
        "correlation": 0.9958697422427487
      },
      "lag_pairs": 65
    }
  ],
  "aggregate": {
    "mae": 8.743347045424676,
    "rmse": 15.32361282386461,
    "mape": 7.482465215966737,
    "smape": 7.637921772013258,
    "wmape": 5.714218373001069,
    "mase": 1.8992497580020773,
    "r2": 0.985670519149746,
    "nse": 0.985670519149746,
    "kge": 0.9521554593266737,
    "pbias": 2.0538523851417643,
    "index_of_agreement": 0.9963592154097233,
    "mean_bias_error": -3.1469782029250024,
    "correlation": 0.9948556688798476
  }
}