{
  "folds": [
    {
      "fold": 1,
      "train_span": [
        1,
        145
      ],
      "val_span": [
        146,
        151
      ],
      "train_rows": 1885,
      "rows": 78,
      "indices": {
        "train_end_idx": 144,
        "val_start_idx": 145,
        "val_end_idx": 150
      },
      "metrics": {
        "mae": 21.9832870321817,
        "rmse": 34.10225365031629,
        "mape": 18.770248289886606,
        "smape": 15.481307174269215,
        "wmape": 14.343857749043304,
        "mase": 5.171306523744539,
        "r2": 0.9327584280620339,
        "adjusted_r2": null,
        "nse": 0.9327584280620339,
        "kge": 0.8039009281412959,
        "pbias": -14.290828811252181,
        "index_of_agreement": 0.9852653586785904,
        "mean_bias_error": 21.902015286402452,
        "correlation": 0.9904915550689716
      },
      "lag_pairs": 65
    },
    {
      "fold": 2,
      "train_span": [
        1,
        151
      ],
      "val_span": [
        152,
        157
      ],
      "train_rows": 1963,
      "rows": 78,
      "indices": {
        "train_end_idx": 150,
        "val_start_idx": 151,
        "val_end_idx": 156
      },
      "metrics": {
        "mae": 7.414315156457769,
        "rmse": 13.897740385220576,
        "mape": 5.575596059814099,
        "smape": 5.756602072190288,
        "wmape": 4.8790514060438746,
        "mase": 1.6485442596702686,
        "r2": 0.9886761379584266,
        "adjusted_r2": null,
        "nse": 0.9886761379584266,
        "kge": 0.9492789588873661,
        "pbias": 4.021014019054388,
        "index_of_agreement": 0.9970757734275397,
        "mean_bias_error": -6.110422437622504,
        "correlation": 0.9957720414532958
      },
      "lag_pairs": 65
    },
    {
      "fold": 3,
      "train_span": [
        1,
        157
      ],
      "val_span": [
        158,
        163
      ],
      "train_rows": 2041,
      "rows": 78,
      "indices": {
        "train_end_idx": 156,
        "val_start_idx": 157,
        "val_end_idx": 162
      },
      "metrics": {
        "mae": 9.502994740219208,
        "rmse": 15.113334964621032,
        "mape": 6.833842828839068,
        "smape": 7.3917137564532025,
        "wmape": 6.214118816796745,
        "mase": 2.098061591953188,
        "r2": 0.9867618642488433,
        "adjusted_r2": null,
        "nse": 0.9867618642488433,
        "kge": 0.9194485754283507,
        "pbias": 6.160458743015193,
        "index_of_agreement": 0.9965118200448008,
        "mean_bias_error": -9.420934610064066,
        "correlation": 0.9971477310818435
      },
      "lag_pairs": 65
    },
    {
      "fold": 4,
      "train_span": [
        1,
        163
      ],
      "val_span": [
        164,
        169
      ],
      "train_rows": 2119,
      "rows": 78,
      "indices": {
        "train_end_idx": 162,
        "val_start_idx": 163,
        "val_end_idx": 168
      },
      "metrics": {
        "mae": 12.855231985680382,
        "rmse": 19.896685081233787,
        "mape": 9.081146464858724,
        "smape": 10.742320597565842,
        "wmape": 8.413643133771673,
        "mase": 2.7057664569727673,
        "r2": 0.9763467717871706,
        "adjusted_r2": null,
        "nse": 0.9763467717871706,
        "kge": 0.8957626049090378,
        "pbias": 8.40192966429826,
        "index_of_agreement": 0.9937054721826403,
        "mean_bias_error": -12.837334938581543,
        "correlation": 0.9946570310891404
      },
      "lag_pairs": 65
    },
    {
      "fold": 5,
      "train_span": [
        1,
        169
      ],
      "val_span": [
        170,
        175
      ],
      "train_rows": 2197,
      "rows": 78,
      "indices": {
        "train_end_idx": 168,
        "val_start_idx": 169,
        "val_end_idx": 174
      },
      "metrics": {
        "mae": 8.055681126723524,
        "rmse": 14.046808280605362,
        "mape": 6.7554107661325,
        "smape": 7.392608401195276,
        "wmape": 5.230332485327765,
        "mase": 1.6806463814711965,
        "r2": 0.9884223016309446,
        "adjusted_r2": null,
        "nse": 0.9884223016309446,
        "kge": 0.934609721232932,
        "pbias": 5.077450987556591,
        "index_of_agreement": 0.9969807903732558,
        "mean_bias_error": -7.820215293590491,
        "correlation": 0.996713917310305
      },
      "lag_pairs": 65
    },
    {
      "fold": 6,
      "train_span": [
        1,
        175
      ],
      "val_span": [
        176,
        181
      ],
      "train_rows": 2275,
      "rows": 78,
      "indices": {
        "train_end_idx": 174,
        "val_start_idx": 175,
        "val_end_idx": 180
      },
      "metrics": {
        "mae": 3.715284061142842,
        "rmse": 7.901541916623876,
        "mape": 4.450914838671893,
        "smape": 4.418122431405434,
        "wmape": 2.4421600284257017,
        "mase": 0.7448059315001615,
        "r2": 0.9962607441049101,
        "adjusted_r2": null,
        "nse": 0.9962607441049101,
        "kge": 0.9814605469633056,
        "pbias": 1.446280678465342,
        "index_of_agreement": 0.9990536393766373,
        "mean_bias_error": -2.200242199568297,
        "correlation": 0.9983219430703821
      },
      "lag_pairs": 65
    }
  ],
  "aggregate": {
    "mae": 10.58779901706757,
    "rmse": 17.49306071310349,
    "mape": 8.577859874700481,
    "smape": 8.530445738846543,
    "wmape": 6.920527269901511,
    "mase": 2.34152185755202,
    "r2": 0.9782043746320548,
    "nse": 0.9782043746320548,
    "kge": 0.9140768892603812,
    "pbias": 1.8027175468562653,
    "index_of_agreement": 0.9947654756805774,
    "mean_bias_error": -2.7478556988374083,
    "correlation": 0.9955173698456564
  }
}