{
  "folds": [
    {
      "fold": 1,
      "train_span": [
        1,
        145
      ],
      "val_span": [
        146,
        151
      ],
      "train_rows": 1885,
      "rows": 78,
      "indices": {
        "train_end_idx": 144,
        "val_start_idx": 145,
        "val_end_idx": 150
      },
      "metrics": {
        "mae": 10.243362203857117,
        "rmse": 17.320956887990423,
        "mape": 9.404014601665644,
        "smape": 8.327340171460841,
        "wmape": 6.683683386791106,
        "mase": 2.409628992804333,
        "r2": 0.9826533562906011,
        "adjusted_r2": null,
        "nse": 0.9826533562906011,
        "kge": 0.9394322840232876,
        "pbias": -4.6853032475977265,
        "index_of_agreement": 0.9958134200347895,
        "mean_bias_error": 7.180660037682235,
        "correlation": 0.9937704620636625
      },
      "lag_pairs": 65
    },
    {
      "fold": 2,
      "train_span": [
        1,
        151
      ],
      "val_span": [
        152,
        157
      ],
      "train_rows": 1963,
      "rows": 78,
      "indices": {
        "train_end_idx": 150,
        "val_start_idx": 151,
        "val_end_idx": 156
      },
      "metrics": {
        "mae": 5.3524189386959,
        "rmse": 8.601721771959479,
        "mape": 4.177079852817517,
        "smape": 4.229782268046592,
        "wmape": 3.5222035477996267,
        "mase": 1.1900896212986352,
        "r2": 0.9956621257088826,
        "adjusted_r2": null,
        "nse": 0.9956621257088826,
        "kge": 0.9587858981945436,
        "pbias": 3.1457256672845766,
        "index_of_agreement": 0.9988858244083675,
        "mean_bias_error": -4.78031476858691,
        "correlation": 0.9988234660614118
      },
      "lag_pairs": 65
    },
    {
      "fold": 3,
      "train_span": [
        1,
        157
      ],
      "val_span": [
        158,
        163
      ],
      "train_rows": 2041,
      "rows": 78,
      "indices": {
        "train_end_idx": 156,
        "val_start_idx": 157,
        "val_end_idx": 162
      },
      "metrics": {
        "mae": 9.191449823117274,
        "rmse": 16.00288625389293,
        "mape": 6.233794816929692,
        "smape": 6.599209703871652,
        "wmape": 6.010395971045085,
        "mase": 2.0292790194475523,
        "r2": 0.985157643761952,
        "adjusted_r2": null,
        "nse": 0.985157643761952,
        "kge": 0.9308759454110804,
        "pbias": 5.156168045843965,
        "index_of_agreement": 0.9961078456619927,
        "mean_bias_error": -7.8851144086426705,
        "correlation": 0.9952095053967328
      },
      "lag_pairs": 65
    },
    {
      "fold": 4,
      "train_span": [
        1,
        163
      ],
      "val_span": [
        164,
        169
      ],
      "train_rows": 2119,
      "rows": 78,
      "indices": {
        "train_end_idx": 162,
        "val_start_idx": 163,
        "val_end_idx": 168
      },
      "metrics": {
        "mae": 7.816044384362131,
        "rmse": 13.3487824579261,
        "mape": 8.722658099898831,
        "smape": 8.108100309081848,
        "wmape": 5.115536478921238,
        "mase": 1.6451193370119574,
        "r2": 0.9893533670724353,
        "adjusted_r2": null,
        "nse": 0.9893533670724353,
        "kge": 0.9308920293526523,
        "pbias": -4.380938002328794,
        "index_of_agreement": 0.9974736488355649,
        "mean_bias_error": 6.693649045888824,
        "correlation": 0.9975703086383784
      },
      "lag_pairs": 65
    },
    {
      "fold": 5,
      "train_span": [
        1,
        169
      ],
      "val_span": [
        170,
        175
      ],
      "train_rows": 2197,
      "rows": 78,
      "indices": {
        "train_end_idx": 168,
        "val_start_idx": 169,
        "val_end_idx": 174
      },
      "metrics": {
        "mae": 5.426805473843451,
        "rmse": 9.948449287347394,
        "mape": 6.247644472446614,
        "smape": 6.1059432492985515,
        "wmape": 3.5234757328263964,
        "mase": 1.1321874387886381,
        "r2": 0.9941926540016731,
        "adjusted_r2": null,
        "nse": 0.9941926540016731,
        "kge": 0.9761594619907561,
        "pbias": -1.245396897771094,
        "index_of_agreement": 0.9985752748830236,
        "mean_bias_error": 1.9181419752564601,
        "correlation": 0.9974589316459724
      },
      "lag_pairs": 65
    },
    {
      "fold": 6,
      "train_span": [
        1,
        175
      ],
      "val_span": [
        176,
        181
      ],
      "train_rows": 2275,
      "rows": 78,
      "indices": {
        "train_end_idx": 174,
        "val_start_idx": 175,
        "val_end_idx": 180
      },
      "metrics": {
        "mae": 4.08191715350617,
        "rmse": 8.225694313430276,
        "mape": 4.34643923119164,
        "smape": 4.319832887432732,
        "wmape": 2.6831582047515266,
        "mase": 0.8183051572343185,
        "r2": 0.995947653039093,
        "adjusted_r2": null,
        "nse": 0.995947653039093,
        "kge": 0.9939827922024387,
        "pbias": 0.5644914891938476,
        "index_of_agreement": 0.9989864925040564,
        "mean_bias_error": -0.8587669145517234,
        "correlation": 0.997997229424645
      },
      "lag_pairs": 65
    }
  ],
  "aggregate": {
    "mae": 7.018666329563674,
    "rmse": 12.241415162091101,
    "mape": 6.521938512491656,
    "smape": 6.281701431532036,
    "wmape": 4.58974222035583,
    "mase": 1.5374349277642392,
    "r2": 0.990494466645773,
    "nse": 0.990494466645773,
    "kge": 0.9550214018624597,
    "pbias": -0.24087549089587085,
    "index_of_agreement": 0.9976404177212991,
    "mean_bias_error": 0.37804249450770244,
    "correlation": 0.9968049838718005
  }
}