{
  "folds": [
    {
      "fold": 1,
      "train_span": [
        1,
        145
      ],
      "val_span": [
        146,
        151
      ],
      "train_rows": 1885,
      "rows": 78,
      "indices": {
        "train_end_idx": 144,
        "val_start_idx": 145,
        "val_end_idx": 150
      },
      "metrics": {
        "mae": 10.800320187453512,
        "rmse": 18.152083117101782,
        "mape": 10.130260719691888,
        "smape": 8.892463622107712,
        "wmape": 7.047092465570161,
        "mase": 2.5406467268587205,
        "r2": 0.9809486989466485,
        "adjusted_r2": null,
        "nse": 0.9809486989466485,
        "kge": 0.9277627110974072,
        "pbias": -5.430526610227265,
        "index_of_agreement": 0.9954453078558866,
        "mean_bias_error": 8.322783681850796,
        "correlation": 0.9938817717799688
      },
      "lag_pairs": 65
    },
    {
      "fold": 2,
      "train_span": [
        1,
        151
      ],
      "val_span": [
        152,
        157
      ],
      "train_rows": 1963,
      "rows": 78,
      "indices": {
        "train_end_idx": 150,
        "val_start_idx": 151,
        "val_end_idx": 156
      },
      "metrics": {
        "mae": 7.18047607832985,
        "rmse": 12.895678226136939,
        "mape": 6.39075425057493,
        "smape": 6.167204694001136,
        "wmape": 4.725171666802644,
        "mase": 1.5965510462986185,
        "r2": 0.9902502258275991,
        "adjusted_r2": null,
        "nse": 0.9902502258275991,
        "kge": 0.9878549768697227,
        "pbias": 0.9029078337245607,
        "index_of_agreement": 0.9975406891119,
        "mean_bias_error": -1.3720788488056896,
        "correlation": 0.9951700819175353
      },
      "lag_pairs": 65
    },
    {
      "fold": 3,
      "train_span": [
        1,
        157
      ],
      "val_span": [
        158,
        163
      ],
      "train_rows": 2041,
      "rows": 78,
      "indices": {
        "train_end_idx": 156,
        "val_start_idx": 157,
        "val_end_idx": 162
      },
      "metrics": {
        "mae": 7.725279302883125,
        "rmse": 13.88933538858074,
        "mape": 5.564035566174752,
        "smape": 5.694733978338149,
        "wmape": 5.051650010694324,
        "mase": 1.7055793710895089,
        "r2": 0.9888192961439346,
        "adjusted_r2": null,
        "nse": 0.9888192961439346,
        "kge": 0.9525592661090765,
        "pbias": 3.4935912323311995,
        "index_of_agreement": 0.9971086725151902,
        "mean_bias_error": -5.342604492141503,
        "correlation": 0.9956023638757606
      },
      "lag_pairs": 65
    },
    {
      "fold": 4,
      "train_span": [
        1,
        163
      ],
      "val_span": [
        164,
        169
      ],
      "train_rows": 2119,
      "rows": 78,
      "indices": {
        "train_end_idx": 162,
        "val_start_idx": 163,
        "val_end_idx": 168
      },
      "metrics": {
        "mae": 6.5500116644930895,
        "rmse": 11.66973924638518,
        "mape": 6.46749049955856,
        "smape": 7.129601715067984,
        "wmape": 4.286928522835981,
        "mase": 1.378645043069424,
        "r2": 0.9918632443537349,
        "adjusted_r2": null,
        "nse": 0.9918632443537349,
        "kge": 0.9577153498333301,
        "pbias": 3.63771164298915,
        "index_of_agreement": 0.9979195562237081,
        "mean_bias_error": -5.558071138046096,
        "correlation": 0.9970187640002725
      },
      "lag_pairs": 65
    },
    {
      "fold": 5,
      "train_span": [
        1,
        169
      ],
      "val_span": [
        170,
        175
      ],
      "train_rows": 2197,
      "rows": 78,
      "indices": {
        "train_end_idx": 168,
        "val_start_idx": 169,
        "val_end_idx": 174
      },
      "metrics": {
        "mae": 13.325187392973012,
        "rmse": 20.49441647513356,
        "mape": 9.889914868276447,
        "smape": 11.408376455687746,
        "wmape": 8.65167816329564,
        "mase": 2.780016689108244,
        "r2": 0.9753544771661637,
        "adjusted_r2": null,
        "nse": 0.9753544771661637,
        "kge": 0.889226238030302,
        "pbias": 8.642688311549831,
        "index_of_agreement": 0.9933913521073435,
        "mean_bias_error": -13.31134135560466,
        "correlation": 0.9949118308262715
      },
      "lag_pairs": 65
    },
    {
      "fold": 6,
      "train_span": [
        1,
        175
      ],
      "val_span": [
        176,
        181
      ],
      "train_rows": 2275,
      "rows": 78,
      "indices": {
        "train_end_idx": 174,
        "val_start_idx": 175,
        "val_end_idx": 180
      },
      "metrics": {
        "mae": 6.300899292941261,
        "rmse": 12.554877325225942,
        "mape": 5.576825105133299,
        "smape": 5.9249055903074925,
        "wmape": 4.141757169335671,
        "mase": 1.263146260133942,
        "r2": 0.9905596860525544,
        "adjusted_r2": null,
        "nse": 0.9905596860525544,
        "kge": 0.9598835038835251,
        "pbias": 3.227420532709353,
        "index_of_agreement": 0.9975797008439857,
        "mean_bias_error": -4.909909229621557,
        "correlation": 0.9961886969779531
      },
      "lag_pairs": 65
    }
  ],
  "aggregate": {
    "mae": 8.647028986512307,
    "rmse": 14.942688296427356,
    "mape": 7.336546834901646,
    "smape": 7.536214342585037,
    "wmape": 5.650712999755736,
    "mase": 1.877430856093076,
    "r2": 0.986299271415106,
    "nse": 0.986299271415106,
    "kge": 0.945833674303894,
    "pbias": 2.4122988238461387,
    "index_of_agreement": 0.9964975464430023,
    "mean_bias_error": -3.695203563728118,
    "correlation": 0.9954622515629604
  }
}