{
  "folds": [
    {
      "fold": 1,
      "train_span": [
        1,
        145
      ],
      "val_span": [
        146,
        151
      ],
      "train_rows": 1885,
      "rows": 78,
      "indices": {
        "train_end_idx": 144,
        "val_start_idx": 145,
        "val_end_idx": 150
      },
      "metrics": {
        "mae": 12.476912968728536,
        "rmse": 21.917386497681996,
        "mape": 11.855723998164652,
        "smape": 10.146599513541936,
        "wmape": 8.14105117713483,
        "mase": 2.9350452158007116,
        "r2": 0.9722253094299214,
        "adjusted_r2": null,
        "nse": 0.9722253094299214,
        "kge": 0.8944327833530367,
        "pbias": -7.730718445225313,
        "index_of_agreement": 0.9935203942560817,
        "mean_bias_error": 11.848040152078648,
        "correlation": 0.9932173036843515
      },
      "lag_pairs": 65
    },
    {
      "fold": 2,
      "train_span": [
        1,
        151
      ],
      "val_span": [
        152,
        157
      ],
      "train_rows": 1963,
      "rows": 78,
      "indices": {
        "train_end_idx": 150,
        "val_start_idx": 151,
        "val_end_idx": 156
      },
      "metrics": {
        "mae": 7.384678637975498,
        "rmse": 13.670215199393137,
        "mape": 5.6028832305646326,
        "smape": 5.773767558193963,
        "wmape": 4.859548849958809,
        "mase": 1.6419546945668748,
        "r2": 0.9890438774053679,
        "adjusted_r2": null,
        "nse": 0.9890438774053679,
        "kge": 0.9497900518639264,
        "pbias": 3.9769038037158477,
        "index_of_agreement": 0.9971716318082962,
        "mean_bias_error": -6.043391572210012,
        "correlation": 0.9959303830356991
      },
      "lag_pairs": 65
    },
    {
      "fold": 3,
      "train_span": [
        1,
        157
      ],
      "val_span": [
        158,
        163
      ],
      "train_rows": 2041,
      "rows": 78,
      "indices": {
        "train_end_idx": 156,
        "val_start_idx": 157,
        "val_end_idx": 162
      },
      "metrics": {
        "mae": 9.10130529638642,
        "rmse": 14.810418365633984,
        "mape": 6.586217949738983,
        "smape": 7.095830328477298,
        "wmape": 5.951449416290229,
        "mase": 2.0093770017753374,
        "r2": 0.9872872101553278,
        "adjusted_r2": null,
        "nse": 0.9872872101553278,
        "kge": 0.9229912659716978,
        "pbias": 5.890948370959453,
        "index_of_agreement": 0.9966576501097746,
        "mean_bias_error": -9.008783551549152,
        "correlation": 0.9970764280599462
      },
      "lag_pairs": 65
    },
    {
      "fold": 4,
      "train_span": [
        1,
        163
      ],
      "val_span": [
        164,
        169
      ],
      "train_rows": 2119,
      "rows": 78,
      "indices": {
        "train_end_idx": 162,
        "val_start_idx": 163,
        "val_end_idx": 168
      },
      "metrics": {
        "mae": 12.416634564828993,
        "rmse": 18.882151126058055,
        "mape": 9.020068948034119,
        "smape": 10.619466417966345,
        "wmape": 8.126584745206861,
        "mase": 2.613450566386243,
        "r2": 0.9786974345517814,
        "adjusted_r2": null,
        "nse": 0.9786974345517814,
        "kge": 0.9001256631567207,
        "pbias": 8.109485798015973,
        "index_of_agreement": 0.9943514788807819,
        "mean_bias_error": -12.390509029272645,
        "correlation": 0.9953536163041327
      },
      "lag_pairs": 65
    },
    {
      "fold": 5,
      "train_span": [
        1,
        169
      ],
      "val_span": [
        170,
        175
      ],
      "train_rows": 2197,
      "rows": 78,
      "indices": {
        "train_end_idx": 168,
        "val_start_idx": 169,
        "val_end_idx": 174
      },
      "metrics": {
        "mae": 8.184928369764773,
        "rmse": 14.282157318601472,
        "mape": 6.851478557050843,
        "smape": 7.489048844801452,
        "wmape": 5.3142491701224435,
        "mase": 1.7076110673761304,
        "r2": 0.9880310915248176,
        "adjusted_r2": null,
        "nse": 0.9880310915248176,
        "kge": 0.9342518850083223,
        "pbias": 5.103186377654054,
        "index_of_agreement": 0.9968777720445385,
        "mean_bias_error": -7.859852562708384,
        "correlation": 0.9965382756019985
      },
      "lag_pairs": 65
    },
    {
      "fold": 6,
      "train_span": [
        1,
        175
      ],
      "val_span": [
        176,
        181
      ],
      "train_rows": 2275,
      "rows": 78,
      "indices": {
        "train_end_idx": 174,
        "val_start_idx": 175,
        "val_end_idx": 180
      },
      "metrics": {
        "mae": 3.7711491810570092,
        "rmse": 7.888086789525812,
        "mape": 4.4527647232217,
        "smape": 4.423678995179971,
        "wmape": 2.478881732767098,
        "mase": 0.7560052562331512,
        "r2": 0.9962734680331915,
        "adjusted_r2": null,
        "nse": 0.9962734680331915,
        "kge": 0.9812880798443797,
        "pbias": 1.4624666870625287,
        "index_of_agreement": 0.9990567940047965,
        "mean_bias_error": -2.2248661468341173,
        "correlation": 0.9983324375684703
      },
      "lag_pairs": 65
    }
  ],
  "aggregate": {
    "mae": 8.889268169790205,
    "rmse": 15.241735882815743,
    "mape": 7.394856234462488,
    "smape": 7.591398609693495,
    "wmape": 5.811960848580045,
    "mase": 1.9439073003564078,
    "r2": 0.985259731850068,
    "nse": 0.985259731850068,
    "kge": 0.9304799548663474,
    "pbias": 2.8020454320304236,
    "index_of_agreement": 0.9962726201840449,
    "mean_bias_error": -4.27989378508261,
    "correlation": 0.9960747407090997
  }
}