{
  "folds": [
    {
      "fold": 1,
      "train_span": [
        1,
        145
      ],
      "val_span": [
        146,
        151
      ],
      "train_rows": 1885,
      "rows": 78,
      "indices": {
        "train_end_idx": 144,
        "val_start_idx": 145,
        "val_end_idx": 150
      },
      "metrics": {
        "mae": 10.799053411556605,
        "rmse": 17.854864507148303,
        "mape": 9.921483365131865,
        "smape": 8.748776979173252,
        "wmape": 7.046265907956709,
        "mase": 2.5403487329122187,
        "r2": 0.9815674757187942,
        "adjusted_r2": null,
        "nse": 0.9815674757187942,
        "kge": 0.9366754552083113,
        "pbias": -4.789940190993878,
        "index_of_agreement": 0.9955634947946201,
        "mean_bias_error": 7.341025819405159,
        "correlation": 0.9934460941048476
      },
      "lag_pairs": 65
    },
    {
      "fold": 2,
      "train_span": [
        1,
        151
      ],
      "val_span": [
        152,
        157
      ],
      "train_rows": 1963,
      "rows": 78,
      "indices": {
        "train_end_idx": 150,
        "val_start_idx": 151,
        "val_end_idx": 156
      },
      "metrics": {
        "mae": 6.834048913127205,
        "rmse": 11.699227395770457,
        "mape": 4.904067962768052,
        "smape": 4.983206520956953,
        "wmape": 4.497202405743976,
        "mase": 1.5195243078153962,
        "r2": 0.991975452628882,
        "adjusted_r2": null,
        "nse": 0.991975452628882,
        "kge": 0.9543281118546274,
        "pbias": 3.478562610210067,
        "index_of_agreement": 0.9979313664951651,
        "mean_bias_error": -5.286101198199975,
        "correlation": 0.9971569951819927
      },
      "lag_pairs": 65
    },
    {
      "fold": 3,
      "train_span": [
        1,
        157
      ],
      "val_span": [
        158,
        163
      ],
      "train_rows": 2041,
      "rows": 78,
      "indices": {
        "train_end_idx": 156,
        "val_start_idx": 157,
        "val_end_idx": 162
      },
      "metrics": {
        "mae": 8.953694573336994,
        "rmse": 16.15839110937866,
        "mape": 6.319623464695301,
        "smape": 6.773079154853005,
        "wmape": 5.854925047211051,
        "mase": 1.976787655252844,
        "r2": 0.9848677869856235,
        "adjusted_r2": null,
        "nse": 0.9848677869856235,
        "kge": 0.9241325746101131,
        "pbias": 5.723222485642492,
        "index_of_agreement": 0.9960180617857498,
        "mean_bias_error": -8.752287296334755,
        "correlation": 0.9956696661869292
      },
      "lag_pairs": 65
    },
    {
      "fold": 4,
      "train_span": [
        1,
        163
      ],
      "val_span": [
        164,
        169
      ],
      "train_rows": 2119,
      "rows": 78,
      "indices": {
        "train_end_idx": 162,
        "val_start_idx": 163,
        "val_end_idx": 168
      },
      "metrics": {
        "mae": 12.118990740851483,
        "rmse": 18.419622053477344,
        "mape": 8.761006648369323,
        "smape": 10.279126397662033,
        "wmape": 7.93177932133684,
        "mase": 2.5508025584824927,
        "r2": 0.9797282893162813,
        "adjusted_r2": null,
        "nse": 0.9797282893162813,
        "kge": 0.9027625940665244,
        "pbias": 7.916714010731294,
        "index_of_agreement": 0.9946348525505027,
        "mean_bias_error": -12.09597240507334,
        "correlation": 0.9955698066873389
      },
      "lag_pairs": 65
    },
    {
      "fold": 5,
      "train_span": [
        1,
        169
      ],
      "val_span": [
        170,
        175
      ],
      "train_rows": 2197,
      "rows": 78,
      "indices": {
        "train_end_idx": 168,
        "val_start_idx": 169,
        "val_end_idx": 174
      },
      "metrics": {
        "mae": 6.257800862829826,
        "rmse": 11.073604622422335,
        "mape": 5.705622630581681,
        "smape": 6.132411144438581,
        "wmape": 4.063018213443527,
        "mase": 1.305556936854563,
        "r2": 0.9928047655881117,
        "adjusted_r2": null,
        "nse": 0.9928047655881117,
        "kge": 0.959737022268525,
        "pbias": 3.304369567180584,
        "index_of_agreement": 0.9981576549346824,
        "mean_bias_error": -5.089341381781794,
        "correlation": 0.9973631641845385
      },
      "lag_pairs": 65
    },
    {
      "fold": 6,
      "train_span": [
        1,
        175
      ],
      "val_span": [
        176,
        181
      ],
      "train_rows": 2275,
      "rows": 78,
      "indices": {
        "train_end_idx": 174,
        "val_start_idx": 175,
        "val_end_idx": 180
      },
      "metrics": {
        "mae": 3.9445597321334707,
        "rmse": 7.761326786824512,
        "mape": 4.4810399981207505,
        "smape": 4.401795754498884,
        "wmape": 2.5928693335471946,
        "mase": 0.790769006433918,
        "r2": 0.9963922749698805,
        "adjusted_r2": null,
        "nse": 0.9963922749698805,
        "kge": 0.9951579743451704,
        "pbias": 0.4392181390213962,
        "index_of_agreement": 0.9990963886808261,
        "mean_bias_error": -0.6681872327273083,
        "correlation": 0.9982082388433848
      },
      "lag_pairs": 65
    }
  ],
  "aggregate": {
    "mae": 8.151358038972598,
    "rmse": 13.8278394125036,
    "mape": 6.682140678277828,
    "smape": 6.886399325263784,
    "wmape": 5.33101003820655,
    "mase": 1.7806315329585722,
    "r2": 0.9878893408679289,
    "nse": 0.9878893408679289,
    "kge": 0.9454656220588785,
    "pbias": 2.6786911036319925,
    "index_of_agreement": 0.9969003032069244,
    "mean_bias_error": -4.091810615785335,
    "correlation": 0.9962356608648386
  }
}