{
  "folds": [
    {
      "fold": 1,
      "train_span": [
        1,
        145
      ],
      "val_span": [
        146,
        151
      ],
      "train_rows": 1885,
      "rows": 78,
      "indices": {
        "train_end_idx": 144,
        "val_start_idx": 145,
        "val_end_idx": 150
      },
      "metrics": {
        "mae": 11.559694825757619,
        "rmse": 17.780837251090123,
        "mape": 10.213746574398225,
        "smape": 9.015029011732553,
        "wmape": 7.5425762289454825,
        "mase": 2.7192805687987103,
        "r2": 0.981720003398734,
        "adjusted_r2": null,
        "nse": 0.981720003398734,
        "kge": 0.9344202321007516,
        "pbias": -4.831559747054883,
        "index_of_agreement": 0.9956137344582702,
        "mean_bias_error": 7.4048116337271175,
        "correlation": 0.9936855142586808
      },
      "lag_pairs": 65
    },
    {
      "fold": 2,
      "train_span": [
        1,
        151
      ],
      "val_span": [
        152,
        157
      ],
      "train_rows": 1963,
      "rows": 78,
      "indices": {
        "train_end_idx": 150,
        "val_start_idx": 151,
        "val_end_idx": 156
      },
      "metrics": {
        "mae": 7.132353234479056,
        "rmse": 12.97407154510647,
        "mape": 5.16672023417837,
        "smape": 5.25426140195839,
        "wmape": 4.693504031424541,
        "mase": 1.5858511183463873,
        "r2": 0.9901313270307025,
        "adjusted_r2": null,
        "nse": 0.9901313270307025,
        "kge": 0.9557165833148308,
        "pbias": 3.4225085923585907,
        "index_of_agreement": 0.9974588292481312,
        "mean_bias_error": -5.2009202645410815,
        "correlation": 0.9961384950101574
      },
      "lag_pairs": 65
    },
    {
      "fold": 3,
      "train_span": [
        1,
        157
      ],
      "val_span": [
        158,
        163
      ],
      "train_rows": 2041,
      "rows": 78,
      "indices": {
        "train_end_idx": 156,
        "val_start_idx": 157,
        "val_end_idx": 162
      },
      "metrics": {
        "mae": 8.962836120228628,
        "rmse": 17.64155989259632,
        "mape": 6.3090722464767355,
        "smape": 6.706373998421985,
        "wmape": 5.860902811074637,
        "mase": 1.9788059167534215,
        "r2": 0.9819623406305117,
        "adjusted_r2": null,
        "nse": 0.9819623406305117,
        "kge": 0.9352702608560695,
        "pbias": 4.945438633134157,
        "index_of_agreement": 0.9952869313675178,
        "mean_bias_error": -7.562854638652776,
        "correlation": 0.9932077883640086
      },
      "lag_pairs": 65
    },
    {
      "fold": 4,
      "train_span": [
        1,
        163
      ],
      "val_span": [
        164,
        169
      ],
      "train_rows": 2119,
      "rows": 78,
      "indices": {
        "train_end_idx": 162,
        "val_start_idx": 163,
        "val_end_idx": 168
      },
      "metrics": {
        "mae": 10.310719695050041,
        "rmse": 16.856787238991764,
        "mape": 8.367072612711251,
        "smape": 9.830660552134429,
        "wmape": 6.7482808605192774,
        "mase": 2.170198058595231,
        "r2": 0.9830223107431199,
        "adjusted_r2": null,
        "nse": 0.9830223107431199,
        "kge": 0.9202714894067396,
        "pbias": 6.679790959213147,
        "index_of_agreement": 0.9955626613613979,
        "mean_bias_error": -10.206073757972844,
        "correlation": 0.9953586787276956
      },
      "lag_pairs": 65
    },
    {
      "fold": 5,
      "train_span": [
        1,
        169
      ],
      "val_span": [
        170,
        175
      ],
      "train_rows": 2197,
      "rows": 78,
      "indices": {
        "train_end_idx": 168,
        "val_start_idx": 169,
        "val_end_idx": 174
      },
      "metrics": {
        "mae": 5.612824465138594,
        "rmse": 10.685342143321591,
        "mape": 5.679306076217962,
        "smape": 6.035665219717423,
        "wmape": 3.6442527543784657,
        "mase": 1.1709963414359879,
        "r2": 0.9933004784801912,
        "adjusted_r2": null,
        "nse": 0.9933004784801912,
        "kge": 0.9586348407725738,
        "pbias": 3.3962599260303854,
        "index_of_agreement": 0.9982837670495599,
        "mean_bias_error": -5.230869560265806,
        "correlation": 0.9976744495280438
      },
      "lag_pairs": 65
    },
    {
      "fold": 6,
      "train_span": [
        1,
        175
      ],
      "val_span": [
        176,
        181
      ],
      "train_rows": 2275,
      "rows": 78,
      "indices": {
        "train_end_idx": 174,
        "val_start_idx": 175,
        "val_end_idx": 180
      },
      "metrics": {
        "mae": 6.822043745333665,
        "rmse": 12.209899538036867,
        "mape": 7.5281542948638,
        "smape": 6.885294071260479,
        "wmape": 4.484319980071881,
        "mase": 1.3676205003057333,
        "r2": 0.9910713526210247,
        "adjusted_r2": null,
        "nse": 0.9910713526210247,
        "kge": 0.950865322840791,
        "pbias": -3.5432124127410045,
        "index_of_agreement": 0.9978394150742935,
        "mean_bias_error": 5.3903267800129,
        "correlation": 0.9970799253672009
      },
      "lag_pairs": 65
    }
  ],
  "aggregate": {
    "mae": 8.400078680997934,
    "rmse": 14.691416268190522,
    "mape": 7.210678673141057,
    "smape": 7.28788070920421,
    "wmape": 5.495639444402381,
    "mase": 1.8321254173725787,
    "r2": 0.9868679688173806,
    "nse": 0.9868679688173806,
    "kge": 0.9425297882152927,
    "pbias": 1.6782043251567322,
    "index_of_agreement": 0.9966742230931951,
    "mean_bias_error": -2.5675966346154153,
    "correlation": 0.9955241418759646
  }
}