{
  "overall": {
    "mae": 5.892030378872077,
    "rmse": 9.552328478682764,
    "mape": 6.526756177974938,
    "smape": 6.078360848233713,
    "wmape": 3.851070832984805,
    "mase": 1.1761969876162153,
    "r2": 0.994693591006931,
    "adjusted_r2": null,
    "nse": 0.994693591006931,
    "kge": 0.9918019610656741,
    "pbias": -0.7724143548128927,
    "index_of_agreement": 0.9986728292080694,
    "mean_bias_error": 1.181772302044904,
    "correlation": 0.9973900090839068
  },
  "by_well": {
    "14": {
      "mae": 0.8063284711829835,
      "rmse": 0.8261389027797532,
      "mape": 17.35134475708224,
      "smape": 15.900823157334054,
      "wmape": 17.291276389928246,
      "mase": 0.6104965304364475,
      "r2": -108.09159812476152,
      "adjusted_r2": null,
      "nse": -108.09159812476152,
      "kge": -0.7065099257298373,
      "pbias": -17.291276389928242,
      "index_of_agreement": 0.12143471886884794,
      "mean_bias_error": 0.8063284711829835,
      "correlation": -0.6175129826018911
    },
    "22": {
      "mae": 0.6734061955891922,
      "rmse": 0.7296095185493088,
      "mape": 0.6650618814434984,
      "smape": 0.6634189687744907,
      "wmape": 0.6627629830427856,
      "mase": 0.7062736515026885,
      "r2": 0.2847304672112182,
      "adjusted_r2": null,
      "nse": 0.2847304672112182,
      "kge": 0.24437337633065315,
      "pbias": -0.2276189916949635,
      "index_of_agreement": 0.5786415968732963,
      "mean_bias_error": 0.23127429135742497,
      "correlation": 0.7844105694896365
    },
    "23": {
      "mae": 0.3114605919518636,
      "rmse": 0.3139908125391936,
      "mape": 24.041820369637414,
      "smape": 21.423726582202555,
      "wmape": 24.013454561431004,
      "mase": 0.16790116624753768,
      "r2": -519.0271855096496,
      "adjusted_r2": null,
      "nse": -519.0271855096496,
      "kge": -0.9950025689019579,
      "pbias": -24.013454561431004,
      "index_of_agreement": 0.06602061685801452,
      "mean_bias_error": 0.3114605919518636,
      "correlation": -0.5840845634340274
    },
    "27": {
      "mae": 13.498302186588537,
      "rmse": 14.40698629491537,
      "mape": 5.11847257014931,
      "smape": 5.0613190095059855,
      "wmape": 5.080053133797739,
      "mase": 1.6630191614690861,
      "r2": 0.1775490737422204,
      "adjusted_r2": null,
      "nse": 0.1775490737422204,
      "kge": 0.13661335209708048,
      "pbias": -1.3744059051493012,
      "index_of_agreement": 0.48246477303404034,
      "mean_bias_error": 3.651959092968743,
      "correlation": 0.7652310906599651
    },
    "3": {
      "mae": 8.98243447763672,
      "rmse": 9.751874795159067,
      "mape": 4.166169649674195,
      "smape": 4.188135170719748,
      "wmape": 4.2028813057139995,
      "mase": 1.316113995340267,
      "r2": 0.21076894942860447,
      "adjusted_r2": null,
      "nse": 0.21076894942860447,
      "kge": 0.1264218843737791,
      "pbias": 0.43877822460408594,
      "index_of_agreement": 0.38032726917917403,
      "mean_bias_error": -0.9377606375325437,
      "correlation": 0.863497658106397
    },
    "31": {
      "mae": 14.064090761979173,
      "rmse": 15.1640028390621,
      "mape": 4.013442114304382,
      "smape": 3.995937297180979,
      "wmape": 4.012064213870858,
      "mase": 1.3239165035003178,
      "r2": 0.22221438371378988,
      "adjusted_r2": null,
      "nse": 0.22221438371378988,
      "kge": 0.144915524220802,
      "pbias": -0.677785359641276,
      "index_of_agreement": 0.4656938868311855,
      "mean_bias_error": 2.375942733463546,
      "correlation": 0.7968495269028519
    },
    "33": {
      "mae": 1.9732321742187462,
      "rmse": 2.207288196542,
      "mape": 0.5450635672744262,
      "smape": 0.546249504529921,
      "wmape": 0.5464610152424857,
      "mase": 0.6135845465608961,
      "r2": 0.17580101827720807,
      "adjusted_r2": null,
      "nse": 0.17580101827720807,
      "kge": 0.17826827534972123,
      "pbias": 0.22183042944317935,
      "index_of_agreement": 0.5362369376566402,
      "mean_bias_error": -0.8010140309895822,
      "correlation": 0.8071523344048174
    },
    "35": {
      "mae": 0.5355014230403654,
      "rmse": 0.5423147513303662,
      "mape": 0.6662495912067624,
      "smape": 0.6639811677199486,
      "wmape": 0.6662393108812014,
      "mase": 1.0783572787871187,
      "r2": -170.8819111467821,
      "adjusted_r2": null,
      "nse": -170.8819111467821,
      "kge": -0.3325583417116764,
      "pbias": -0.6662393108812013,
      "index_of_agreement": 0.12039363889155041,
      "mean_bias_error": 0.5355014230403654,
      "correlation": 0.29056274293200285
    },
    "38": {
      "mae": 0.11755377357747439,
      "rmse": 0.13871759564127487,
      "mape": 0.18050408917871366,
      "smape": 0.18071484445775882,
      "wmape": 0.18072329681353771,
      "mase": 0.2755509939922026,
      "r2": 0.008699552171304581,
      "adjusted_r2": null,
      "nse": 0.008699552171304581,
      "kge": 0.3892088182663004,
      "pbias": 0.14792753650160648,
      "index_of_agreement": 0.6809125092369468,
      "mean_bias_error": -0.09622135296549554,
      "correlation": 0.7793528880324897
    },
    "40": {
      "mae": 20.66691832858073,
      "rmse": 21.801014517653666,
      "mape": 6.09575856276337,
      "smape": 6.028475995892063,
      "wmape": 6.06513637633376,
      "mase": 1.7774852392676528,
      "r2": 0.172344188251624,
      "adjusted_r2": null,
      "nse": 0.172344188251624,
      "kge": 0.12348547696750123,
      "pbias": -1.4700925940354004,
      "index_of_agreement": 0.47522012235367794,
      "mean_bias_error": 5.009332303710939,
      "correlation": 0.6987104880732075
    },
    "45": {
      "mae": 4.3879446979899095,
      "rmse": 5.976611441646779,
      "mape": 13.727121235803953,
      "smape": 12.07581036367863,
      "wmape": 12.209808319372222,
      "mase": 1.8111063007916455,
      "r2": -1.0074372398123117,
      "adjusted_r2": null,
      "nse": -1.0074372398123117,
      "kge": -0.002430912505840599,
      "pbias": -12.024046111385738,
      "index_of_agreement": 0.5239780175138359,
      "mean_bias_error": 4.321185722394206,
      "correlation": 0.23816177129620678
    },
    "48": {
      "mae": 10.450325587809246,
      "rmse": 11.665430255379494,
      "mape": 7.93726897040141,
      "smape": 7.951174803043745,
      "wmape": 8.022975865637136,
      "mase": 1.5689565625601996,
      "r2": 0.26267587885735066,
      "adjusted_r2": null,
      "nse": 0.26267587885735066,
      "kge": 0.15809976799315073,
      "pbias": 0.1334650986445508,
      "index_of_agreement": 0.44889218320029933,
      "mean_bias_error": -0.17384493719075542,
      "correlation": 0.8560382184485723
    },
    "50": {
      "mae": 0.12889625519205694,
      "rmse": 0.13474916896838435,
      "mape": 0.3395529547545182,
      "smape": 0.33892416199837827,
      "wmape": 0.3395449512983841,
      "mase": 0.35148741480662815,
      "r2": -26.562182992716533,
      "adjusted_r2": null,
      "nse": -26.562182992716533,
      "kge": 0.10148247862591353,
      "pbias": -0.3395449512983841,
      "index_of_agreement": 0.24045228778217864,
      "mean_bias_error": 0.12889625519205694,
      "correlation": 0.47798902769289714
    }
  },
  "observations": 78,
  "reservoir": {
    "decline_peak_production_error_pct": 3.5242285026990086,
    "decline_peak_time_error_months": null,
    "decline_decline_rate_true": -0.029041320256350086,
    "decline_decline_rate_pred": -0.035550032102858745,
    "decline_decline_rate_error_pct": -22.411901432768015,
    "decline_cumulative_error_pct": 0.7724099995084251,
    "decline_plateau_duration_true": null,
    "decline_plateau_duration_pred": null,
    "decline_plateau_duration_error": null,
    "reliability_direction_accuracy": 0.717948717948718,
    "reliability_forecast_skill_vs_persistence": 0.9820106500494149
  }
}