{
  "overall": {
    "mae": 5.900560332335227,
    "rmse": 11.643107053109926,
    "mape": 4.718814036406109,
    "smape": 4.766005375214631,
    "wmape": 3.8566460681544075,
    "mase": 1.1778997801890168,
    "r2": 0.9921164830621195,
    "adjusted_r2": null,
    "nse": 0.9921164830621195,
    "kge": 0.9529421128795805,
    "pbias": 3.2014040638832033,
    "index_of_agreement": 0.9979575058433002,
    "mean_bias_error": -4.898058440754415,
    "correlation": 0.9972523661264159
  },
  "by_well": {
    "14": {
      "mae": 0.1995953580005696,
      "rmse": 0.26176844898217155,
      "mape": 4.279007676743302,
      "smape": 4.1341238619232605,
      "wmape": 4.280214112086482,
      "mase": 0.15111989456579156,
      "r2": -9.952663787697897,
      "adjusted_r2": null,
      "nse": -9.952663787697897,
      "kge": -0.7033719302406947,
      "pbias": -3.662126731186966,
      "index_of_agreement": 0.2988597133152152,
      "mean_bias_error": 0.17077264753898116,
      "correlation": 0.18984223585609689
    },
    "22": {
      "mae": 0.8648864499674455,
      "rmse": 1.0218314035155407,
      "mape": 0.8469645038751387,
      "smape": 0.8518328085585437,
      "wmape": 0.8512168841455026,
      "mase": 0.9070996304381325,
      "r2": -0.4029662870525339,
      "adjusted_r2": null,
      "nse": -0.4029662870525339,
      "kge": 0.24827626536874836,
      "pbias": 0.7273178827357599,
      "index_of_agreement": 0.5878388577891598,
      "mean_bias_error": -0.7389977728515594,
      "correlation": 0.6739266829922654
    },
    "23": {
      "mae": 0.17045930782939656,
      "rmse": 0.17542424703239934,
      "mape": 13.145242912441871,
      "smape": 12.292890659934356,
      "wmape": 13.142326666375883,
      "mase": 0.09189065108669349,
      "r2": -161.31976628829685,
      "adjusted_r2": null,
      "nse": -161.31976628829685,
      "kge": -1.2546686145366683,
      "pbias": -13.142326666375883,
      "index_of_agreement": 0.12922727631368935,
      "mean_bias_error": 0.17045930782939656,
      "correlation": 0.2801561848811722
    },
    "27": {
      "mae": 12.182658070182299,
      "rmse": 15.834673917947564,
      "mape": 4.3860129581516825,
      "smape": 4.53865283424183,
      "wmape": 4.58491367669234,
      "mase": 1.5009290448741632,
      "r2": 0.006467777564907684,
      "adjusted_r2": null,
      "nse": 0.006467777564907684,
      "kge": 0.21763816241099743,
      "pbias": 3.5135566126329256,
      "index_of_agreement": 0.5797396040900802,
      "mean_bias_error": -9.335935601041674,
      "correlation": 0.8913413230533879
    },
    "3": {
      "mae": 9.866007283919268,
      "rmse": 13.157059476346818,
      "mape": 4.423383200661435,
      "smape": 4.5997558945786325,
      "wmape": 4.616305042787473,
      "mase": 1.4455758399154461,
      "r2": -0.4366322311252433,
      "adjusted_r2": null,
      "nse": -0.4366322311252433,
      "kge": 0.17646623431889308,
      "pbias": 4.366473692239673,
      "index_of_agreement": 0.5590166437854861,
      "mean_bias_error": -9.332065548828117,
      "correlation": 0.8295354953525358
    },
    "31": {
      "mae": 13.65584399303386,
      "rmse": 18.173676266334034,
      "mape": 3.7442005621134813,
      "smape": 3.864647824637258,
      "wmape": 3.8956036278412363,
      "mase": 1.285486387820993,
      "r2": -0.11716615059564206,
      "adjusted_r2": null,
      "nse": -0.11716615059564206,
      "kge": 0.19200757631847254,
      "pbias": 3.190541441882954,
      "index_of_agreement": 0.5621792681991216,
      "mean_bias_error": -11.184283706966141,
      "correlation": 0.8333621540671139
    },
    "33": {
      "mae": 3.04788597923177,
      "rmse": 3.6224766985463055,
      "mape": 0.840511634785922,
      "smape": 0.8455181888151155,
      "wmape": 0.8440724250879222,
      "mase": 0.9477525052401264,
      "r2": -1.2198579927596738,
      "adjusted_r2": null,
      "nse": -1.2198579927596738,
      "kge": 0.2294756679619797,
      "pbias": 0.8440724250879221,
      "index_of_agreement": 0.5507733665153309,
      "mean_bias_error": -3.04788597923177,
      "correlation": 0.8336640224004005
    },
    "35": {
      "mae": 0.1407135857096359,
      "rmse": 0.18948185061529577,
      "mape": 0.1750644597363765,
      "smape": 0.17478737806998978,
      "wmape": 0.1750675504138558,
      "mase": 0.2833596940092222,
      "r2": -19.982758102872744,
      "adjusted_r2": null,
      "nse": -19.982758102872744,
      "kge": -1.4111691567557996,
      "pbias": -0.17183992116659133,
      "index_of_agreement": 0.2444208862386058,
      "mean_bias_error": 0.13811932261718832,
      "correlation": 0.3248531871871068
    },
    "38": {
      "mae": 0.4206613554069018,
      "rmse": 0.437522451497536,
      "mape": 0.6463763721984108,
      "smape": 0.6486428178569511,
      "wmape": 0.6467109024031718,
      "mase": 0.9860479258888746,
      "r2": -8.86149785500126,
      "adjusted_r2": null,
      "nse": -8.86149785500126,
      "kge": 0.3140397890758758,
      "pbias": 0.6467109024031718,
      "index_of_agreement": 0.378776998462932,
      "mean_bias_error": -0.4206613554069018,
      "correlation": 0.5049531944608325
    },
    "40": {
      "mae": 19.404427078580728,
      "rmse": 26.843035780923405,
      "mape": 5.356830865671461,
      "smape": 5.630555235062042,
      "wmape": 5.694632100687167,
      "mase": 1.6689030343205218,
      "r2": -0.2547569830725327,
      "adjusted_r2": null,
      "nse": -0.2547569830725327,
      "kge": 0.14509764412998427,
      "pbias": 4.958270759069781,
      "index_of_agreement": 0.5423663026507903,
      "mean_bias_error": -16.89527991959635,
      "correlation": 0.759658197012699
    },
    "45": {
      "mae": 5.474143856214192,
      "rmse": 6.083377270352663,
      "mape": 15.353943769877207,
      "smape": 15.632959150048057,
      "wmape": 15.232244660618116,
      "mase": 2.259430578961275,
      "r2": -1.0797993310511251,
      "adjusted_r2": null,
      "nse": -1.0797993310511251,
      "kge": -0.5131952546860727,
      "pbias": 7.459986511250934,
      "index_of_agreement": 0.23088846632180515,
      "mean_bias_error": -2.680960044817708,
      "correlation": -0.42619011911836585
    },
    "48": {
      "mae": 11.170829101578775,
      "rmse": 15.365993555112583,
      "mape": 7.85949543908653,
      "smape": 8.455649173120626,
      "wmape": 8.576124401872502,
      "mase": 1.6771291459670832,
      "r2": -0.27931712161859923,
      "adjusted_r2": null,
      "nse": -0.27931712161859923,
      "kge": 0.19487084037880809,
      "pbias": 7.996634490735951,
      "index_of_agreement": 0.5629514012880337,
      "mean_bias_error": -10.416014635270182,
      "correlation": 0.8003267580381124
    },
    "50": {
      "mae": 0.10917290070312546,
      "rmse": 0.12129912810526416,
      "mape": 0.2875481179365939,
      "smape": 0.28805405094354236,
      "wmape": 0.28758870610408854,
      "mase": 0.29770376631893775,
      "r2": -21.334528017910216,
      "adjusted_r2": null,
      "nse": -21.334528017910216,
      "kge": -0.6878549905295184,
      "pbias": 0.2687631524568054,
      "index_of_agreement": 0.2689748841560806,
      "mean_bias_error": -0.10202644378255243,
      "correlation": 0.02598681441641354
    }
  },
  "observations": 78
}