{
  "overall": {
    "mae": 5.82449286595777,
    "rmse": 9.291171934923486,
    "mape": 7.368461691404862,
    "smape": 6.7279940623665855,
    "wmape": 3.8069278585953192,
    "mase": 1.1627148067493702,
    "r2": 0.9949797745905794,
    "adjusted_r2": null,
    "nse": 0.9949797745905794,
    "kge": 0.9875665471005768,
    "pbias": -1.198893813572816,
    "index_of_agreement": 0.9987463204407984,
    "mean_bias_error": 1.83427391418243,
    "correlation": 0.9975956736484971
  },
  "by_well": {
    "14": {
      "mae": 0.9627252575548503,
      "rmse": 0.9839008151954106,
      "mape": 20.698536455995495,
      "smape": 18.679632385567604,
      "wmape": 20.64512058159491,
      "mase": 0.728909433941336,
      "r2": -153.7347286678964,
      "adjusted_r2": null,
      "nse": -153.7347286678964,
      "kge": -0.7105463345751046,
      "pbias": -20.64512058159491,
      "index_of_agreement": 0.1094140202545536,
      "mean_bias_error": 0.9627252575548503,
      "correlation": -0.32669568333170285
    },
    "22": {
      "mae": 0.6654806179524755,
      "rmse": 0.8917368763999498,
      "mape": 0.6596664034818713,
      "smape": 0.6557920148893264,
      "wmape": 0.6549626694857478,
      "mase": 0.6979612440814078,
      "r2": -0.06846966664577758,
      "adjusted_r2": null,
      "nse": -0.06846966664577758,
      "kge": 0.3504713619385027,
      "pbias": -0.5983490457460711,
      "index_of_agreement": 0.645386382193314,
      "mean_bias_error": 0.6079578444173208,
      "correlation": 0.7264436959836628
    },
    "23": {
      "mae": 0.3525124367076721,
      "rmse": 0.35544942975043564,
      "mape": 27.20220296427003,
      "smape": 23.89911682599277,
      "wmape": 27.178531088540677,
      "mase": 0.19003126164072429,
      "r2": -665.4196745661451,
      "adjusted_r2": null,
      "nse": -665.4196745661451,
      "kge": -1.2968668409507682,
      "pbias": -27.178531088540677,
      "index_of_agreement": 0.06072667584623381,
      "mean_bias_error": 0.3525124367076721,
      "correlation": -0.28802200862314203
    },
    "27": {
      "mae": 13.40372312571614,
      "rmse": 14.347658960161796,
      "mape": 5.124018745895906,
      "smape": 5.032413446084024,
      "wmape": 5.044458534718912,
      "mase": 1.6513668226541482,
      "r2": 0.1843087603304352,
      "adjusted_r2": null,
      "nse": 0.1843087603304352,
      "kge": 0.19013786694163792,
      "pbias": -2.0570392985612718,
      "index_of_agreement": 0.5567869840228084,
      "mean_bias_error": 5.465796780143222,
      "correlation": 0.8307507320546367
    },
    "3": {
      "mae": 8.177614734798178,
      "rmse": 9.023488272300087,
      "mape": 3.830894390026926,
      "smape": 3.817903162139749,
      "wmape": 3.8263061288989495,
      "mase": 1.1981911170923818,
      "r2": 0.3242643273472873,
      "adjusted_r2": null,
      "nse": 0.3242643273472873,
      "kge": 0.2080505306668029,
      "pbias": -0.34304947321640034,
      "index_of_agreement": 0.538414653296843,
      "mean_bias_error": 0.7331683175455813,
      "correlation": 0.850569404988721
    },
    "31": {
      "mae": 14.187692039648445,
      "rmse": 15.13283777846203,
      "mape": 4.081028700787795,
      "smape": 4.035980785883777,
      "wmape": 4.047323959510883,
      "mase": 1.3355516510636747,
      "r2": 0.22540810866468475,
      "adjusted_r2": null,
      "nse": 0.22540810866468475,
      "kge": 0.18950742829264489,
      "pbias": -1.3417570868371007,
      "index_of_agreement": 0.5487758109798391,
      "mean_bias_error": 4.703462468164067,
      "correlation": 0.8207408406662546
    },
    "33": {
      "mae": 1.8533184372395795,
      "rmse": 2.0325290339112674,
      "mape": 0.5125809582511276,
      "smape": 0.5131132058164212,
      "wmape": 0.5132524636552401,
      "mase": 0.5762968837647451,
      "r2": 0.30114430612664156,
      "adjusted_r2": null,
      "nse": 0.30114430612664156,
      "kge": 0.2189139941398317,
      "pbias": 0.12081592025893592,
      "index_of_agreement": 0.5543899944300612,
      "mean_bias_error": -0.43625776471354055,
      "correlation": 0.8071768111666491
    },
    "35": {
      "mae": 0.6878680612239592,
      "rmse": 0.6997039991416026,
      "mape": 0.8558210097408229,
      "smape": 0.8520488493221299,
      "wmape": 0.8558049024129177,
      "mase": 1.3851831176368812,
      "r2": -285.12516147237653,
      "adjusted_r2": null,
      "nse": -285.12516147237653,
      "kge": -1.2412858462351575,
      "pbias": -0.8558049024129177,
      "index_of_agreement": 0.09493182431841307,
      "mean_bias_error": 0.6878680612239592,
      "correlation": 0.13062693764042346
    },
    "38": {
      "mae": 0.1164693116503912,
      "rmse": 0.1381277826799128,
      "mape": 0.17888479024458698,
      "smape": 0.17907913293033614,
      "wmape": 0.17905608079173924,
      "mase": 0.2730089695819226,
      "r2": 0.017111446083676984,
      "adjusted_r2": null,
      "nse": 0.017111446083676984,
      "kge": 0.3874615228519436,
      "pbias": 0.12709260366296693,
      "index_of_agreement": 0.6675322723563304,
      "mean_bias_error": -0.08266900514648512,
      "correlation": 0.6142375057459887
    },
    "40": {
      "mae": 18.9725264421875,
      "rmse": 20.315396318421445,
      "mape": 5.583300842318526,
      "smape": 5.537526331020829,
      "wmape": 5.567881889596061,
      "mase": 1.631756857333041,
      "r2": 0.2813011351320073,
      "adjusted_r2": null,
      "nse": 0.2813011351320073,
      "kge": 0.19196637230191516,
      "pbias": -1.0781339999148725,
      "index_of_agreement": 0.5308073006989693,
      "mean_bias_error": 3.6737355833333347,
      "correlation": 0.8309640697729462
    },
    "45": {
      "mae": 6.125967318260091,
      "rmse": 7.920781526741464,
      "mape": 18.949924734708567,
      "smape": 16.203224699940666,
      "wmape": 17.045995762197823,
      "mase": 2.5284680578647674,
      "r2": -2.525883852176261,
      "adjusted_r2": null,
      "nse": -2.525883852176261,
      "kge": -0.3483183391195923,
      "pbias": -17.045995762197823,
      "index_of_agreement": 0.43125160245374194,
      "mean_bias_error": 6.125967318260091,
      "correlation": -0.22352198030710357
    },
    "48": {
      "mae": 10.068035267252606,
      "rmse": 11.133128163950351,
      "mape": 7.732527316753458,
      "smape": 7.678337830490821,
      "wmape": 7.729482041954694,
      "mase": 1.51156151757325,
      "r2": 0.32842992442735897,
      "adjusted_r2": null,
      "nse": 0.32842992442735897,
      "kge": 0.21227822448445366,
      "pbias": -0.6961878781738222,
      "index_of_agreement": 0.5414028521141423,
      "mean_bias_error": 0.9068193796223957,
      "correlation": 0.8445547099269785
    },
    "50": {
      "mae": 0.14447420725911422,
      "rmse": 0.15767134504489527,
      "mape": 0.38061467578807856,
      "smape": 0.37975414068714775,
      "wmape": 0.3805811704504164,
      "mase": 0.39396695846655094,
      "r2": -36.736964717598845,
      "adjusted_r2": null,
      "nse": -36.736964717598845,
      "kge": -0.6271650270534705,
      "pbias": -0.3805811704504164,
      "index_of_agreement": 0.1780692578394657,
      "mean_bias_error": 0.14447420725911422,
      "correlation": 0.1141378757513473
    }
  },
  "observations": 78,
  "reservoir": {
    "decline_peak_production_error_pct": 3.3364313197781548,
    "decline_peak_time_error_months": null,
    "decline_decline_rate_true": -0.029041320256350086,
    "decline_decline_rate_pred": -0.029037402908342037,
    "decline_decline_rate_error_pct": -0.013488877600462388,
    "decline_cumulative_error_pct": 1.1989008429941352,
    "decline_plateau_duration_true": null,
    "decline_plateau_duration_pred": null,
    "decline_plateau_duration_error": null,
    "reliability_direction_accuracy": 0.7051282051282052,
    "reliability_forecast_skill_vs_persistence": 0.9829808460224518
  }
}