{
  "overall": {
    "mae": 4.674106406331206,
    "rmse": 9.82509708175376,
    "mape": 4.556766667276261,
    "smape": 4.433098677202706,
    "wmape": 3.0550275022742444,
    "mase": 0.9330688271123354,
    "r2": 0.9943862130776417,
    "adjusted_r2": null,
    "nse": 0.9943862130776417,
    "kge": 0.9652461167398027,
    "pbias": 2.234405671726426,
    "index_of_agreement": 0.9985572500289971,
    "mean_bias_error": -3.4185780182942986,
    "correlation": 0.9978272027533476
  },
  "by_well": {
    "14": {
      "mae": 0.3996959388518066,
      "rmse": 0.4686667132623162,
      "mape": 8.604411836306063,
      "smape": 8.125667089155012,
      "wmape": 8.57126245397088,
      "mase": 0.3026223091695735,
      "r2": -34.10858895956247,
      "adjusted_r2": null,
      "nse": -34.10858895956247,
      "kge": -1.265049964098505,
      "pbias": -8.430007834848814,
      "index_of_agreement": 0.1608816923026386,
      "mean_bias_error": 0.3931089398058269,
      "correlation": -0.07779726294628697
    },
    "22": {
      "mae": 0.5324183252278635,
      "rmse": 0.6457454325893154,
      "mape": 0.5212370976670113,
      "smape": 0.5232210395810646,
      "wmape": 0.5240034317562582,
      "mase": 0.5584044773401907,
      "r2": 0.4397118591867415,
      "adjusted_r2": null,
      "nse": 0.4397118591867415,
      "kge": 0.5909643331659831,
      "pbias": 0.4928552393484775,
      "index_of_agreement": 0.8152827564557539,
      "mean_bias_error": -0.5007699286132782,
      "correlation": 0.9507754545412501
    },
    "23": {
      "mae": 0.222201344966746,
      "rmse": 0.22986853903421436,
      "mape": 17.14541776914593,
      "smape": 15.708845113192288,
      "wmape": 17.131611634747244,
      "mase": 0.11978358073452207,
      "r2": -277.70915701809895,
      "adjusted_r2": null,
      "nse": -277.70915701809895,
      "kge": -2.3069731170771086,
      "pbias": -17.131611634747244,
      "index_of_agreement": 0.08895904243387576,
      "mean_bias_error": 0.222201344966746,
      "correlation": -0.014339349281277327
    },
    "27": {
      "mae": 10.31093001370443,
      "rmse": 13.386264437305536,
      "mape": 3.721889770457123,
      "smape": 3.8210896583160956,
      "wmape": 3.8804933838665616,
      "mase": 1.2703282196774446,
      "r2": 0.2899605025946399,
      "adjusted_r2": null,
      "nse": 0.2899605025946399,
      "kge": 0.2798429861821873,
      "pbias": 2.198157677269164,
      "index_of_agreement": 0.6228065970483787,
      "mean_bias_error": -5.840765007779955,
      "correlation": 0.8761524283998803
    },
    "3": {
      "mae": 7.439982612467446,
      "rmse": 10.758242484953522,
      "mape": 3.311360025988882,
      "smape": 3.427229493530467,
      "wmape": 3.4811680413174146,
      "mase": 1.090112626564117,
      "r2": 0.039470765547635844,
      "adjusted_r2": null,
      "nse": 0.039470765547635844,
      "kge": 0.28352545948522434,
      "pbias": 3.1978052803290136,
      "index_of_agreement": 0.6349173784253257,
      "mean_bias_error": -6.834377255371085,
      "correlation": 0.8687332309888288
    },
    "31": {
      "mae": 10.717392082096353,
      "rmse": 14.889084205579538,
      "mape": 2.93168469908705,
      "smape": 3.008577548549533,
      "wmape": 3.057351233457956,
      "mase": 1.0088766129360682,
      "r2": 0.25016075721326314,
      "adjusted_r2": null,
      "nse": 0.25016075721326314,
      "kge": 0.2933507484590345,
      "pbias": 2.067685185846715,
      "index_of_agreement": 0.6326828425428965,
      "mean_bias_error": -7.248167170507808,
      "correlation": 0.8427189205302956
    },
    "33": {
      "mae": 2.328306918359374,
      "rmse": 2.8488190554541686,
      "mape": 0.6418194234700366,
      "smape": 0.6449081302792454,
      "wmape": 0.6447943526496138,
      "mase": 0.7239964781750828,
      "r2": -0.3729152309733703,
      "adjusted_r2": null,
      "nse": -0.3729152309733703,
      "kge": 0.35714078044172237,
      "pbias": 0.6447943526496139,
      "index_of_agreement": 0.6495809566661919,
      "mean_bias_error": -2.328306918359374,
      "correlation": 0.935000058510559
    },
    "35": {
      "mae": 0.24458243703776125,
      "rmse": 0.28882534435033885,
      "mape": 0.3042376311888218,
      "smape": 0.30359376794527554,
      "wmape": 0.30429505374703714,
      "mase": 0.4925239035700585,
      "r2": -47.75261755087527,
      "adjusted_r2": null,
      "nse": -47.75261755087527,
      "kge": -2.3853048411842344,
      "pbias": -0.30429505374703714,
      "index_of_agreement": 0.24824362654904752,
      "mean_bias_error": 0.24458243703776125,
      "correlation": 0.7247937698383732
    },
    "38": {
      "mae": 0.32734750246093824,
      "rmse": 0.332311924656877,
      "mape": 0.5031190533725531,
      "smape": 0.5044262258496934,
      "wmape": 0.5032532605976205,
      "mase": 0.7673163262983571,
      "r2": -4.688975304469895,
      "adjusted_r2": null,
      "nse": -4.688975304469895,
      "kge": 0.7470113602413411,
      "pbias": 0.5032532605976207,
      "index_of_agreement": 0.5129566885334402,
      "mean_bias_error": -0.32734750246093824,
      "correlation": 0.9274139931376684
    },
    "40": {
      "mae": 15.514063938476559,
      "rmse": 22.9706561287882,
      "mape": 4.247400497753018,
      "smape": 4.444917609385788,
      "wmape": 4.552924245502827,
      "mase": 1.3343072834212149,
      "r2": 0.08115308469441018,
      "adjusted_r2": null,
      "nse": 0.08115308469441018,
      "kge": 0.27545097259858176,
      "pbias": 3.916333704564387,
      "index_of_agreement": 0.6201479117112731,
      "mean_bias_error": -13.344885225585935,
      "correlation": 0.7894554215826562
    },
    "45": {
      "mae": 3.6168189381030267,
      "rmse": 4.760298882077265,
      "mape": 10.84784913835889,
      "smape": 10.217472481403417,
      "wmape": 10.064088998282744,
      "mase": 1.4928272844053065,
      "r2": -0.27350418179686153,
      "adjusted_r2": null,
      "nse": -0.27350418179686153,
      "kge": 0.05929204617174755,
      "pbias": 0.815502805981922,
      "index_of_agreement": 0.4718273549472046,
      "mean_bias_error": -0.2930743153458657,
      "correlation": 0.12407052287669044
    },
    "48": {
      "mae": 9.041710524137372,
      "rmse": 13.378638341737968,
      "mape": 6.278516789645326,
      "smape": 6.721099946699978,
      "wmape": 6.9415469125530525,
      "mase": 1.357474553727167,
      "r2": 0.030203200542081032,
      "adjusted_r2": null,
      "nse": 0.030203200542081032,
      "kge": 0.2971233289459301,
      "pbias": 6.556646452069593,
      "index_of_agreement": 0.6325324737835827,
      "mean_bias_error": -8.540358507340494,
      "correlation": 0.8181112334267997
    },
    "50": {
      "mae": 0.06793270641601505,
      "rmse": 0.08769498159229625,
      "mape": 0.1790229421506872,
      "smape": 0.1792346997473066,
      "wmape": 0.17895172716402297,
      "mase": 0.18524581124102502,
      "r2": -10.673763842625979,
      "adjusted_r2": null,
      "nse": -10.673763842625979,
      "kge": -1.5752450661994937,
      "pbias": 0.11420824364169456,
      "index_of_agreement": 0.47999661585976594,
      "mean_bias_error": -0.04335512827148472,
      "correlation": 0.6775529751966427
    }
  },
  "observations": 78
}