{
  "overall": {
    "mae": 6.184105906926535,
    "rmse": 12.159256489499104,
    "mape": 4.707118630512533,
    "smape": 4.804337277231465,
    "wmape": 4.041973369935825,
    "mase": 1.2345025858843344,
    "r2": 0.9914020233153624,
    "adjusted_r2": null,
    "nse": 0.9914020233153624,
    "kge": 0.9491594216416145,
    "pbias": 3.5045587727387386,
    "index_of_agreement": 0.9977670910581488,
    "mean_bias_error": -5.3618766439346786,
    "correlation": 0.9971047553737404
  },
  "by_well": {
    "14": {
      "mae": 0.16158756509851058,
      "rmse": 0.21911950960168664,
      "mape": 3.4659429850864147,
      "smape": 3.366059021923707,
      "wmape": 3.4651576239080892,
      "mase": 0.12234300459412595,
      "r2": -6.674449832375444,
      "adjusted_r2": null,
      "nse": -6.674449832375444,
      "kge": -0.5111193173066841,
      "pbias": -2.601984634282156,
      "index_of_agreement": 0.3572092080242919,
      "mean_bias_error": 0.12133599885225428,
      "correlation": 0.18558868228189462
    },
    "22": {
      "mae": 0.943664307080077,
      "rmse": 1.1420627653257307,
      "mape": 0.9235068912901908,
      "smape": 0.9297246035278381,
      "wmape": 0.9287496539947676,
      "mase": 0.9897224592224958,
      "r2": -0.7525430261447377,
      "adjusted_r2": null,
      "nse": -0.7525430261447377,
      "kge": 0.19054825733391356,
      "pbias": 0.8670005512261337,
      "index_of_agreement": 0.5596781025595048,
      "mean_bias_error": -0.8809235846191376,
      "correlation": 0.7329184805643595
    },
    "23": {
      "mae": 0.1573019202548828,
      "rmse": 0.1611405356554251,
      "mape": 12.134508149126273,
      "smape": 11.40960542401723,
      "wmape": 12.127898720009705,
      "mase": 0.08479780924533095,
      "r2": -135.9625308456692,
      "adjusted_r2": null,
      "nse": -135.9625308456692,
      "kge": -0.7480656002786237,
      "pbias": -12.127898720009705,
      "index_of_agreement": 0.13802179089973998,
      "mean_bias_error": 0.1573019202548828,
      "correlation": 0.2120737589921537
    },
    "27": {
      "mae": 12.77304859345704,
      "rmse": 16.598481988464506,
      "mape": 4.593949634215355,
      "smape": 4.7654940523269875,
      "wmape": 4.807105711399212,
      "mase": 1.5736663965339273,
      "r2": -0.09169281255071327,
      "adjusted_r2": null,
      "nse": -0.09169281255071327,
      "kge": 0.19929756787586872,
      "pbias": 3.900299253449673,
      "index_of_agreement": 0.5710261262439722,
      "mean_bias_error": -10.36355655237631,
      "correlation": 0.9191363108237476
    },
    "3": {
      "mae": 10.401993223925777,
      "rmse": 13.742878519072221,
      "mape": 4.666905551080571,
      "smape": 4.860111345015263,
      "wmape": 4.867092876863784,
      "mase": 1.5241089590497334,
      "r2": -0.567412640844819,
      "adjusted_r2": null,
      "nse": -0.567412640844819,
      "kge": 0.14889232193530821,
      "pbias": 4.652034594154725,
      "index_of_agreement": 0.5447545889850536,
      "mean_bias_error": -9.942368791829418,
      "correlation": 0.8691695739076792
    },
    "31": {
      "mae": 14.278616209830735,
      "rmse": 19.006301100761707,
      "mape": 3.912043919545967,
      "smape": 4.045720801856487,
      "wmape": 4.073261904276601,
      "mase": 1.344110754635221,
      "r2": -0.22187675698634224,
      "adjusted_r2": null,
      "nse": -0.22187675698634224,
      "kge": 0.17071545253979592,
      "pbias": 3.4988440332612334,
      "index_of_agreement": 0.5525277900677794,
      "mean_bias_error": -12.26502304615885,
      "correlation": 0.893959982264863
    },
    "33": {
      "mae": 3.2951495697265614,
      "rmse": 3.862099571614677,
      "mape": 0.9088655271783547,
      "smape": 0.9145596247076029,
      "wmape": 0.9125488641302683,
      "mase": 1.0246401214248941,
      "r2": -1.5232537346129598,
      "adjusted_r2": null,
      "nse": -1.5232537346129598,
      "kge": 0.19608412545455145,
      "pbias": 0.9125488641302683,
      "index_of_agreement": 0.5306407439795852,
      "mean_bias_error": -3.2951495697265614,
      "correlation": 0.851852420766391
    },
    "35": {
      "mae": 0.1209954155436203,
      "rmse": 0.15949809876772936,
      "mape": 0.1505397962795903,
      "smape": 0.15034627320437352,
      "wmape": 0.15053536517958002,
      "mase": 0.2436525496245038,
      "r2": -13.86751412311716,
      "adjusted_r2": null,
      "nse": -13.86751412311716,
      "kge": -1.0098017441592155,
      "pbias": -0.13632860615054773,
      "index_of_agreement": 0.2442118446231505,
      "mean_bias_error": 0.10957648611002686,
      "correlation": 0.228580610691541
    },
    "38": {
      "mae": 0.437905058613282,
      "rmse": 0.45441424236118083,
      "mape": 0.6728646070623623,
      "smape": 0.6753096675738579,
      "wmape": 0.6732208033437601,
      "mase": 1.0264678921223964,
      "r2": -9.637659046181202,
      "adjusted_r2": null,
      "nse": -9.637659046181202,
      "kge": 0.24586467386772015,
      "pbias": 0.6732208033437601,
      "index_of_agreement": 0.3648967053309756,
      "mean_bias_error": -0.437905058613282,
      "correlation": 0.4938496010657829
    },
    "40": {
      "mae": 20.165479528125,
      "rmse": 27.918168612266694,
      "mape": 5.561715916661081,
      "smape": 5.860361079708224,
      "wmape": 5.917978746889637,
      "mase": 1.7343583418736888,
      "r2": -0.357282383961417,
      "adjusted_r2": null,
      "nse": -0.357282383961417,
      "kge": 0.12088636942777387,
      "pbias": 5.306165749237219,
      "index_of_agreement": 0.5303695475992882,
      "mean_bias_error": -18.080730155598957,
      "correlation": 0.8557492781959908
    },
    "45": {
      "mae": 5.584685199903157,
      "rmse": 6.081585068161472,
      "mape": 15.47088263855908,
      "smape": 16.07525817569966,
      "wmape": 15.539834822004241,
      "mase": 2.3050560683036476,
      "r2": -1.078574066961263,
      "adjusted_r2": null,
      "nse": -1.078574066961263,
      "kge": -0.46284504664230486,
      "pbias": 9.109695970222544,
      "index_of_agreement": 0.24410735829222885,
      "mean_bias_error": -3.273830439206543,
      "correlation": -0.34311053574243505
    },
    "48": {
      "mae": 11.957724902164713,
      "rmse": 16.231130889464577,
      "mape": 8.427331870582993,
      "smape": 9.099776973421626,
      "wmape": 9.180243954304139,
      "mase": 1.7952695158537968,
      "r2": -0.42742887852246136,
      "adjusted_r2": null,
      "nse": -0.42742887852246136,
      "kge": 0.1666415857593001,
      "pbias": 8.781160079498772,
      "index_of_agreement": 0.5486671594158095,
      "mean_bias_error": -11.437898281917318,
      "correlation": 0.859120164858029
    },
    "50": {
      "mae": 0.11522529632161493,
      "rmse": 0.1283957448557165,
      "mape": 0.3034847099946901,
      "smape": 0.30405756102618814,
      "wmape": 0.30353222884225106,
      "mase": 0.3142080540979742,
      "r2": -24.024342935457266,
      "adjusted_r2": null,
      "nse": -24.024342935457266,
      "kge": -0.3922896132070113,
      "pbias": 0.30353222884225106,
      "index_of_agreement": 0.2602408646898402,
      "mean_bias_error": -0.11522529632161493,
      "correlation": -0.022135657708507006
    }
  },
  "observations": 78
}