{
  "overall": {
    "mae": 4.690891329385144,
    "rmse": 9.736976519080313,
    "mape": 4.607643944360848,
    "smape": 4.475360068648705,
    "wmape": 3.0659982412980455,
    "mase": 0.9364195185826654,
    "r2": 0.9944864607676339,
    "adjusted_r2": null,
    "nse": 0.9944864607676339,
    "kge": 0.9658135706607461,
    "pbias": 2.1858500719684986,
    "index_of_agreement": 0.9985835005349109,
    "mean_bias_error": -3.3442893123095474,
    "correlation": 0.9978554118840844
  },
  "by_well": {
    "14": {
      "mae": 0.42108454905586745,
      "rmse": 0.47809201504711824,
      "mape": 9.061796573214238,
      "smape": 8.567154095375006,
      "wmape": 9.029929590072697,
      "mase": 0.31881629559954483,
      "r2": -35.53491804760278,
      "adjusted_r2": null,
      "nse": -35.53491804760278,
      "kge": -1.35148675247415,
      "pbias": -8.523896800426861,
      "index_of_agreement": 0.14504701032088885,
      "mean_bias_error": 0.39748717911958825,
      "correlation": -0.17787989535931714
    },
    "22": {
      "mae": 0.5061817124674448,
      "rmse": 0.6596791156027928,
      "mape": 0.49494031140185635,
      "smape": 0.4970252295424086,
      "wmape": 0.49818148973682164,
      "mase": 0.5308873139717277,
      "r2": 0.41527156407756516,
      "adjusted_r2": null,
      "nse": 0.41527156407756516,
      "kge": 0.573151085202926,
      "pbias": 0.49818148973682164,
      "index_of_agreement": 0.8090886818857994,
      "mean_bias_error": -0.5061817124674448,
      "correlation": 0.9470159867047125
    },
    "23": {
      "mae": 0.220779754320638,
      "rmse": 0.22897288298150115,
      "mape": 17.03972246996102,
      "smape": 15.613565614258054,
      "wmape": 17.022007712879194,
      "mase": 0.1190172342573889,
      "r2": -275.54147263538266,
      "adjusted_r2": null,
      "nse": -275.54147263538266,
      "kge": -2.3848837577929305,
      "pbias": -17.02200771287919,
      "index_of_agreement": 0.08684127077839232,
      "mean_bias_error": 0.220779754320638,
      "correlation": -0.09730797935679086
    },
    "27": {
      "mae": 10.445405721712243,
      "rmse": 13.144889334822995,
      "mape": 3.781695094707185,
      "smape": 3.874249640503011,
      "wmape": 3.93110298887033,
      "mase": 1.2868959091600012,
      "r2": 0.3153358686484261,
      "adjusted_r2": null,
      "nse": 0.3153358686484261,
      "kge": 0.2893168585106708,
      "pbias": 2.1037166589980134,
      "index_of_agreement": 0.633591082073073,
      "mean_bias_error": -5.589824049121101,
      "correlation": 0.8833198491116383
    },
    "3": {
      "mae": 7.43458291513672,
      "rmse": 10.603874233377725,
      "mape": 3.311608862900586,
      "smape": 3.4242587606933244,
      "wmape": 3.478641522807948,
      "mase": 1.0893214582850426,
      "r2": 0.066837955003894,
      "adjusted_r2": null,
      "nse": 0.066837955003894,
      "kge": 0.28602769865547883,
      "pbias": 3.113134529158432,
      "index_of_agreement": 0.6356257343808931,
      "mean_bias_error": -6.653418189615877,
      "correlation": 0.8796364225338296
    },
    "31": {
      "mae": 10.985900993229166,
      "rmse": 14.811870510869962,
      "mape": 3.01198274494851,
      "smape": 3.086977963677391,
      "wmape": 3.1339487904343155,
      "mase": 1.0341525717450544,
      "r2": 0.25791781339759323,
      "adjusted_r2": null,
      "nse": 0.25791781339759323,
      "kge": 0.2925141862528132,
      "pbias": 2.0424167413250482,
      "index_of_agreement": 0.6296587549356663,
      "mean_bias_error": -7.159589899999996,
      "correlation": 0.8541386304649391
    },
    "33": {
      "mae": 2.342131381249999,
      "rmse": 2.857334125809744,
      "mape": 0.6456625332140755,
      "smape": 0.648770055065057,
      "wmape": 0.6486228580455307,
      "mase": 0.7282952509728408,
      "r2": -0.3811347358706534,
      "adjusted_r2": null,
      "nse": -0.3811347358706534,
      "kge": 0.3617714628750568,
      "pbias": 0.6486228580455307,
      "index_of_agreement": 0.6492766054424268,
      "mean_bias_error": -2.342131381249999,
      "correlation": 0.9307016358777019
    },
    "35": {
      "mae": 0.24571285899414144,
      "rmse": 0.2931385497895742,
      "mape": 0.30565077995261974,
      "smape": 0.30498755333399064,
      "wmape": 0.30570145812398114,
      "mase": 0.49480027239433233,
      "r2": -49.219595291231954,
      "adjusted_r2": null,
      "nse": -49.219595291231954,
      "kge": -2.4631015685978404,
      "pbias": -0.30570145812398114,
      "index_of_agreement": 0.2279063101729476,
      "mean_bias_error": 0.24571285899414144,
      "correlation": 0.6558020959787083
    },
    "38": {
      "mae": 0.32441654339518305,
      "rmse": 0.329845856334571,
      "mape": 0.4986082827183282,
      "smape": 0.49989598342529845,
      "wmape": 0.49874730073713425,
      "mase": 0.7604460348620126,
      "r2": -4.604853459647532,
      "adjusted_r2": null,
      "nse": -4.604853459647532,
      "kge": 0.7401712972452454,
      "pbias": 0.49874730073713425,
      "index_of_agreement": 0.5168680804988811,
      "mean_bias_error": -0.32441654339518305,
      "correlation": 0.918959718965017
    },
    "40": {
      "mae": 15.3595330953776,
      "rmse": 22.830106456243954,
      "mape": 4.198161890522197,
      "smape": 4.392287858179477,
      "wmape": 4.5075739604315945,
      "mase": 1.321016656911111,
      "r2": 0.09236291163585064,
      "adjusted_r2": null,
      "nse": 0.09236291163585064,
      "kge": 0.27160344314914997,
      "pbias": 3.8624095258242335,
      "index_of_agreement": 0.6169726309711847,
      "mean_bias_error": -13.16113888769531,
      "correlation": 0.810514200983592
    },
    "45": {
      "mae": 3.719968987948404,
      "rmse": 4.864397799852889,
      "mape": 11.19437179102269,
      "smape": 10.48755067588698,
      "wmape": 10.351112291288848,
      "mase": 1.5354020473205081,
      "r2": -0.3298115461164759,
      "adjusted_r2": null,
      "nse": -0.3298115461164759,
      "kge": 0.0425529910670458,
      "pbias": 0.7266382955869556,
      "index_of_agreement": 0.46756905300436924,
      "mean_bias_error": -0.2611383056209308,
      "correlation": 0.09842626397603048
    },
    "48": {
      "mae": 8.906074781168622,
      "rmse": 13.188361261639615,
      "mape": 6.171194332796201,
      "smape": 6.598800904163616,
      "wmape": 6.837415966276558,
      "mase": 1.3371109212967291,
      "r2": 0.05759281420470186,
      "adjusted_r2": null,
      "nse": 0.05759281420470186,
      "kge": 0.29476638563501256,
      "pbias": 6.3725210077203265,
      "index_of_agreement": 0.6314741371276535,
      "mean_bias_error": -8.30052594711914,
      "correlation": 0.8393618056760807
    },
    "50": {
      "mae": 0.06981398795084577,
      "rmse": 0.08495113427947522,
      "mape": 0.18397560933151397,
      "smape": 0.18415655832953953,
      "wmape": 0.18390749291664985,
      "mase": 0.1903758810185824,
      "r2": -9.954682246850716,
      "adjusted_r2": null,
      "nse": -9.954682246850716,
      "kge": -1.4873408917277708,
      "pbias": 0.10899455699487892,
      "index_of_agreement": 0.47840017891101894,
      "mean_bias_error": -0.04137593617350296,
      "correlation": 0.67147433436173
    }
  },
  "observations": 78,
  "reservoir": {
    "decline_peak_production_error_pct": 3.796612323459502,
    "decline_peak_time_error_months": null,
    "decline_decline_rate_true": -0.029041320256350086,
    "decline_decline_rate_pred": -0.029261210535754943,
    "decline_decline_rate_error_pct": -0.7571635346998801,
    "decline_cumulative_error_pct": 2.1858659388619768,
    "decline_plateau_duration_true": null,
    "decline_plateau_duration_pred": null,
    "decline_plateau_duration_error": null,
    "reliability_direction_accuracy": 0.8717948717948718,
    "reliability_forecast_skill_vs_persistence": 0.9813084542019159
  }
}