{
  "overall": {
    "mae": 4.964156997973913,
    "rmse": 10.603106641479794,
    "mape": 4.183954132308667,
    "smape": 4.148103140307737,
    "wmape": 3.244606526844498,
    "mase": 0.9909701973038043
  },
  "by_well": {
    "14": {
      "mae": 0.3021671633187662,
      "rmse": 0.3704528635524687,
      "mape": 6.521255918171627,
      "smape": 6.219846641952209,
      "wmape": 6.479810569861535,
      "mase": 0.2287802197376051
    },
    "22": {
      "mae": 0.6054679624186173,
      "rmse": 0.7697682739520684,
      "mape": 0.5923974165057666,
      "smape": 0.5951907992592798,
      "wmape": 0.5958985154580098,
      "mase": 0.6350195045519902
    },
    "23": {
      "mae": 0.19059093554800413,
      "rmse": 0.19886683204776648,
      "mape": 14.723902814454245,
      "smape": 13.633420349789304,
      "wmape": 14.694463124214543,
      "mase": 0.10274314369653822
    },
    "27": {
      "mae": 10.914275248893233,
      "rmse": 14.865587788830915,
      "mape": 3.9180874276356574,
      "smape": 4.048879106675504,
      "wmape": 4.107560890258971,
      "mase": 1.3446616190361411
    },
    "3": {
      "mae": 8.540769367317703,
      "rmse": 12.23752774124795,
      "mape": 3.8026753175973536,
      "smape": 3.954576551884717,
      "wmape": 3.996226186978408,
      "mase": 1.2514008449809118
    },
    "31": {
      "mae": 11.801635856510416,
      "rmse": 16.058405936481797,
      "mape": 3.237042700291707,
      "smape": 3.3261450054768003,
      "wmape": 3.366653533732448,
      "mase": 1.1109413856297172
    },
    "33": {
      "mae": 2.7093290537760404,
      "rmse": 3.2762745336353376,
      "mape": 0.74697414959662,
      "smape": 0.7510637853979583,
      "wmape": 0.7503134826270128,
      "mase": 0.8424768563302095
    },
    "35": {
      "mae": 0.22575563446614666,
      "rmse": 0.26638147806336787,
      "mape": 0.2808453219227364,
      "smape": 0.2802974872051376,
      "wmape": 0.28087185495932565,
      "mase": 0.45461173617725903
    },
    "38": {
      "mae": 0.35592212811197993,
      "rmse": 0.3629010665796849,
      "mape": 0.5469839138542636,
      "smape": 0.5485427263567477,
      "wmape": 0.5471829468259901,
      "mase": 0.8342964517463112
    },
    "40": {
      "mae": 16.485480763932298,
      "rmse": 24.735950911515037,
      "mape": 4.5027983926942285,
      "smape": 4.735488658875401,
      "wmape": 4.8380066841192315,
      "mase": 1.417855253223561
    },
    "45": {
      "mae": 3.049335671908365,
      "rmse": 3.5229504335378685,
      "mape": 8.88997797767706,
      "smape": 8.714958918829376,
      "wmape": 8.485021221891447,
      "mase": 1.2586008777986348
    },
    "48": {
      "mae": 9.265817606624347,
      "rmse": 14.03308673014643,
      "mape": 6.397957091377671,
      "smape": 6.886118955435265,
      "wmape": 7.1135995059367,
      "mase": 1.3911208047295602
    },
    "50": {
      "mae": 0.08749358083496024,
      "rmse": 0.09592210095130879,
      "mape": 0.2305052782337351,
      "smape": 0.2308118368628853,
      "wmape": 0.23047995823433698,
      "mase": 0.2385863925529314
    }
  },
  "observations": 78
}