{
  "overall": {
    "mae": 5.183397913112415,
    "rmse": 9.172744249866472,
    "mape": 5.4895297603567315,
    "smape": 5.197528551144978,
    "wmape": 3.387903869355613,
    "mase": 1.03473618073675,
    "r2": 0.9951069371568753,
    "adjusted_r2": null,
    "nse": 0.9951069371568753,
    "kge": 0.986981053613271,
    "pbias": 0.5283890841547867,
    "index_of_agreement": 0.9987608825979174,
    "mean_bias_error": -0.8084204811396367,
    "correlation": 0.99761257886083
  },
  "by_well": {
    "14": {
      "mae": 0.6063792066566163,
      "rmse": 0.6382692829503767,
      "mape": 13.007454159113745,
      "smape": 12.135276351200993,
      "wmape": 13.003472944496272,
      "mase": 0.4591086821597057,
      "r2": -64.1167993050492,
      "adjusted_r2": null,
      "nse": -64.1167993050492,
      "kge": -0.8214731261850168,
      "pbias": -13.003472944496274,
      "index_of_agreement": 0.18054992953580984,
      "mean_bias_error": 0.6063792066566163,
      "correlation": 0.36092647197050803
    },
    "22": {
      "mae": 0.534488908398437,
      "rmse": 0.5848658258877742,
      "mape": 0.5262057601878491,
      "smape": 0.52610630007985,
      "wmape": 0.5260412892748794,
      "mase": 0.5605761210616172,
      "r2": 0.5403775472137176,
      "adjusted_r2": null,
      "nse": 0.5403775472137176,
      "kge": 0.42856142260563257,
      "pbias": 0.0216422679616257,
      "index_of_agreement": 0.7671040943234687,
      "mean_bias_error": -0.02198981793619481,
      "correlation": 0.8198870309044245
    },
    "23": {
      "mae": 0.27274868647243244,
      "rmse": 0.27675086175103736,
      "mape": 21.027750119428067,
      "smape": 18.978044380250306,
      "wmape": 21.028786172434934,
      "mase": 0.14703247773407888,
      "r2": -402.98954897428524,
      "adjusted_r2": null,
      "nse": -402.98954897428524,
      "kge": -1.7184280235516676,
      "pbias": -21.02878617243493,
      "index_of_agreement": 0.08307554180733434,
      "mean_bias_error": 0.27274868647243244,
      "correlation": 0.35773222555984874
    },
    "27": {
      "mae": 11.929632549544266,
      "rmse": 13.34457722020109,
      "mape": 4.436037539273305,
      "smape": 4.45839957564941,
      "wmape": 4.489688138600211,
      "mase": 1.469755769647015,
      "r2": 0.2943759960500323,
      "adjusted_r2": null,
      "nse": 0.2943759960500323,
      "kge": 0.20262077499912245,
      "pbias": 0.14469960951373764,
      "index_of_agreement": 0.5117623066688803,
      "mean_bias_error": -0.3844839815755279,
      "correlation": 0.6853429945648952
    },
    "3": {
      "mae": 8.10150898121745,
      "rmse": 9.776403942500572,
      "mape": 3.694941848914298,
      "smape": 3.7607163764827543,
      "wmape": 3.7906962449885153,
      "mase": 1.1870400368743308,
      "r2": 0.20679360880100262,
      "adjusted_r2": null,
      "nse": 0.20679360880100262,
      "kge": 0.20000001531417178,
      "pbias": 1.5538152431535488,
      "index_of_agreement": 0.5407738693758859,
      "mean_bias_error": -3.3208274506835855,
      "correlation": 0.7206601090552882
    },
    "31": {
      "mae": 12.576073997656257,
      "rmse": 14.407995207155349,
      "mape": 3.5359032083975546,
      "smape": 3.56228742785527,
      "wmape": 3.587577561244923,
      "mase": 1.1838427521919166,
      "r2": 0.2978347961767571,
      "adjusted_r2": null,
      "nse": 0.2978347961767571,
      "kge": 0.20696222300650002,
      "pbias": 0.3777232006776117,
      "index_of_agreement": 0.5143335066654059,
      "mean_bias_error": -1.3240898186197871,
      "correlation": 0.7126917247990201
    },
    "33": {
      "mae": 2.0455745503255116,
      "rmse": 2.5645366796919813,
      "mape": 0.5638530121983184,
      "smape": 0.5662027548042552,
      "wmape": 0.5664952964633504,
      "mase": 0.6360797017791014,
      "r2": -0.11258146827948323,
      "adjusted_r2": null,
      "nse": -0.11258146827948323,
      "kge": 0.2630696044769528,
      "pbias": 0.46674349739911486,
      "index_of_agreement": 0.6204691127060034,
      "mean_bias_error": -1.6853778412109364,
      "correlation": 0.7563903662416522
    },
    "35": {
      "mae": 0.453101418971355,
      "rmse": 0.4706330180039163,
      "mape": 0.5636633797188407,
      "smape": 0.5619550867453877,
      "wmape": 0.5637220820457374,
      "mase": 0.9124256111261577,
      "r2": -128.44703984902958,
      "adjusted_r2": null,
      "nse": -128.44703984902958,
      "kge": -1.8656883300131089,
      "pbias": -0.5637220820457374,
      "index_of_agreement": 0.15522296452594264,
      "mean_bias_error": 0.453101418971355,
      "correlation": 0.834261609146815
    },
    "38": {
      "mae": 0.19594008262044346,
      "rmse": 0.21670113974356095,
      "mape": 0.3010150097275887,
      "smape": 0.3015700288784888,
      "wmape": 0.3012318246487064,
      "mase": 0.459291802260981,
      "r2": -1.4191599725264123,
      "adjusted_r2": null,
      "nse": -1.4191599725264123,
      "kge": 0.6095202939091491,
      "pbias": 0.30123182464870646,
      "index_of_agreement": 0.6122956781591637,
      "mean_bias_error": -0.19594008262044346,
      "correlation": 0.7489866327907967
    },
    "40": {
      "mae": 17.425615838346356,
      "rmse": 20.82277570171489,
      "mape": 4.972192152355698,
      "smape": 5.054497090148331,
      "wmape": 5.1139088479878945,
      "mase": 1.4987127952683186,
      "r2": 0.24495366679821418,
      "adjusted_r2": null,
      "nse": 0.24495366679821418,
      "kge": 0.17404125600197318,
      "pbias": 1.1198442444951724,
      "index_of_agreement": 0.4839321046416242,
      "mean_bias_error": -3.815863008789061,
      "correlation": 0.7076148862740891
    },
    "45": {
      "mae": 3.777129451529948,
      "rmse": 5.456964261937844,
      "mape": 11.710005585720957,
      "smape": 10.413569375816202,
      "wmape": 10.510165869173917,
      "mase": 1.5589947958335257,
      "r2": -0.6735325039044999,
      "adjusted_r2": null,
      "nse": -0.6735325039044999,
      "kge": -0.05792301255680665,
      "pbias": -6.9590733069773645,
      "index_of_agreement": 0.4849564399632049,
      "mean_bias_error": 2.5009425227278648,
      "correlation": 0.02567880883821395
    },
    "48": {
      "mae": 9.397071142415365,
      "rmse": 11.8962206490926,
      "mape": 6.843315554544609,
      "smape": 7.067811735421276,
      "wmape": 7.214366131445916,
      "mase": 1.4108265157725515,
      "r2": 0.23321264831732957,
      "adjusted_r2": null,
      "nse": 0.23321264831732957,
      "kge": 0.2136558669442966,
      "pbias": 2.7888800221800794,
      "index_of_agreement": 0.548836923502247,
      "mean_bias_error": -3.6326551076822917,
      "correlation": 0.6824634602434012
    },
    "50": {
      "mae": 0.06890805630696543,
      "rmse": 0.07796323741976227,
      "mape": 0.1815495550566725,
      "smape": 0.18143468155218925,
      "wmape": 0.1815210425466008,
      "mase": 0.1879054944970767,
      "r2": -8.226588475161604,
      "adjusted_r2": null,
      "nse": -8.226588475161604,
      "kge": -1.0908583636089828,
      "pbias": -0.10165312187328328,
      "index_of_agreement": 0.46090564315095794,
      "mean_bias_error": 0.038589019474283504,
      "correlation": 0.5380550085699134
    }
  },
  "observations": 78,
  "reservoir": {
    "decline_peak_production_error_pct": 3.6976111240360416,
    "decline_peak_time_error_months": null,
    "decline_decline_rate_true": -0.029041320256350086,
    "decline_decline_rate_pred": -0.02402439943882611,
    "decline_decline_rate_error_pct": -17.275113341922275,
    "decline_cumulative_error_pct": 0.528387891440738,
    "decline_plateau_duration_true": null,
    "decline_plateau_duration_pred": null,
    "decline_plateau_duration_error": null,
    "reliability_direction_accuracy": 0.8717948717948718,
    "reliability_forecast_skill_vs_persistence": 0.9834119420628623
  }
}