{
  "overall": {
    "mae": 151.81569795253176,
    "rmse": 200.60143485544128,
    "mape": 90.50717319478738,
    "smape": 175.5265966826852,
    "wmape": 99.22776509617171,
    "mase": 30.30621960893626,
    "r2": -1.3401855534805462,
    "adjusted_r2": null,
    "nse": -1.3401855534805462,
    "kge": -0.7225238230043807,
    "pbias": 99.2227076366002,
    "index_of_agreement": 0.47093137209653757,
    "mean_bias_error": -151.80796018121373,
    "correlation": 0.007214025100452507
  },
  "by_well": {
    "14": {
      "mae": 3.473974142790634,
      "rmse": 3.4826351852090123,
      "mape": 74.45786870295775,
      "smape": 119.02981437896034,
      "wmape": 74.49748982114895,
      "mase": 2.630254588292121,
      "r2": -1937.6576521260884,
      "adjusted_r2": null,
      "nse": -1937.6576521260884,
      "kge": -1.2296268387891471,
      "pbias": 74.49748982114895,
      "index_of_agreement": 0.03596282752971136,
      "mean_bias_error": -3.473974142790634,
      "correlation": -0.44019325897352285
    },
    "22": {
      "mae": 100.41664966495729,
      "rmse": 100.42084493434044,
      "mape": 98.82918845999039,
      "smape": 195.37248784822413,
      "wmape": 98.82956039761383,
      "mase": 105.31776258530441,
      "r2": -13548.912366412043,
      "adjusted_r2": null,
      "nse": -13548.912366412043,
      "kge": -0.7124594459713864,
      "pbias": 98.82956039761383,
      "index_of_agreement": 0.015868914557143787,
      "mean_bias_error": -100.41664966495729,
      "correlation": -0.16874552680440244
    },
    "23": {
      "mae": 0.208380853925176,
      "rmse": 0.2335670603970968,
      "mape": 16.06153061726108,
      "smape": 17.320852572956433,
      "wmape": 16.066058745492164,
      "mase": 0.11233327522572152,
      "r2": -286.7500158855742,
      "adjusted_r2": null,
      "nse": -286.7500158855742,
      "kge": -12.617619003592491,
      "pbias": 8.310541284213096,
      "index_of_agreement": 0.01498443184970677,
      "mean_bias_error": -0.10778982679063416,
      "correlation": -0.4875729216808684
    },
    "27": {
      "mae": 264.5225952649573,
      "rmse": 264.9974987953602,
      "mape": 99.55141280620458,
      "smape": 198.21391293441152,
      "wmape": 99.55243411065439,
      "mase": 32.58973895281674,
      "r2": -277.2577426549493,
      "adjusted_r2": null,
      "nse": -277.2577426549493,
      "kge": -0.640946592849817,
      "pbias": 99.55243411065437,
      "index_of_agreement": 0.09691270040840516,
      "mean_bias_error": -264.5225952649573,
      "correlation": 0.147547226624381
    },
    "3": {
      "mae": 212.53163414829064,
      "rmse": 212.81384700515727,
      "mape": 99.44254472693005,
      "smape": 197.78291812789377,
      "wmape": 99.44355667259047,
      "mase": 31.14031712132188,
      "r2": -374.86137205609583,
      "adjusted_r2": null,
      "nse": -374.86137205609583,
      "kge": -0.6549821022911846,
      "pbias": 99.44355667259047,
      "index_of_agreement": 0.08591850326086858,
      "mean_bias_error": -212.53163414829064,
      "correlation": 0.11332234134899549
    },
    "31": {
      "mae": 349.3557710482907,
      "rmse": 349.77712040562466,
      "mape": 99.66033505153501,
      "smape": 198.6460761347285,
      "wmape": 99.66074669549857,
      "mase": 32.8864395652423,
      "r2": -412.82334737178076,
      "adjusted_r2": null,
      "nse": -412.82334737178076,
      "kge": -0.6355442493959289,
      "pbias": 99.66074669549857,
      "index_of_agreement": 0.08033619728807584,
      "mean_bias_error": -349.3557710482907,
      "correlation": 0.16040278881902395
    },
    "33": {
      "mae": 359.90370966495726,
      "rmse": 359.91198401607534,
      "mape": 99.67063895859563,
      "smape": 198.68700327644717,
      "wmape": 99.67065667319024,
      "mase": 111.91351802673199,
      "r2": -21912.240595267765,
      "adjusted_r2": null,
      "nse": -21912.240595267765,
      "kge": -0.6867291958733341,
      "pbias": 99.67065667319024,
      "index_of_agreement": 0.01257002493540571,
      "mean_bias_error": -359.90370966495726,
      "correlation": -0.00473557135337618
    },
    "35": {
      "mae": 79.18750213329064,
      "rmse": 79.18785453095083,
      "mape": 98.52031417193741,
      "smape": 194.16994320050674,
      "wmape": 98.52042325517853,
      "mase": 159.46254415082606,
      "r2": -3664750.166473345,
      "adjusted_r2": null,
      "nse": -3664750.166473345,
      "kge": -3.3726164358209,
      "pbias": 98.52042325517851,
      "index_of_agreement": 0.0009158278987722035,
      "mean_bias_error": -79.18750213329064,
      "correlation": -0.8480423957159863
    },
    "38": {
      "mae": 63.85704000329064,
      "rmse": 63.85763531888616,
      "mape": 98.17150423484615,
      "smape": 192.8209654971903,
      "wmape": 98.17170851212916,
      "mase": 149.6835899930506,
      "r2": -210070.85080028197,
      "adjusted_r2": null,
      "nse": -210070.85080028197,
      "kge": -0.6841650776843875,
      "pbias": 98.17170851212916,
      "index_of_agreement": 0.0039045389831388055,
      "mean_bias_error": -63.85704000329064,
      "correlation": -0.2969509424557127
    },
    "40": {
      "mae": 339.56020598162394,
      "rmse": 340.40213785193765,
      "mape": 99.64997322584458,
      "smape": 198.60493023035028,
      "wmape": 99.65099414006168,
      "mase": 29.20431795292574,
      "r2": -200.7813013741848,
      "adjusted_r2": null,
      "nse": -200.7813013741848,
      "kge": -0.6230690354010873,
      "pbias": 99.65099414006168,
      "index_of_agreement": 0.11202733688828415,
      "mean_bias_error": -339.56020598162394,
      "correlation": 0.18885551924653401
    },
    "45": {
      "mae": 34.74863167162397,
      "rmse": 35.00764672623076,
      "mape": 96.6315334245259,
      "smape": 186.98550605785377,
      "wmape": 96.69085671598204,
      "mase": 14.342356181743979,
      "r2": -67.87439042117914,
      "adjusted_r2": null,
      "nse": -67.87439042117914,
      "kge": -0.7716561080906565,
      "pbias": 96.69085671598204,
      "index_of_agreement": 0.17165414794344613,
      "mean_bias_error": -34.74863167162397,
      "correlation": -0.13863795082472652
    },
    "48": {
      "mae": 129.06574421495728,
      "rmse": 129.7753712000977,
      "mape": 99.07938163999674,
      "smape": 196.35237643914988,
      "wmape": 99.08699420093123,
      "mase": 19.377247597337696,
      "r2": -90.25180808395093,
      "adjusted_r2": null,
      "nse": -90.25180808395093,
      "kge": -0.6255171911240964,
      "pbias": 99.08699420093123,
      "index_of_agreement": 0.15645195572586723,
      "mean_bias_error": -129.06574421495728,
      "correlation": 0.16949976811321768
    },
    "50": {
      "mae": 36.7722345899573,
      "rmse": 36.77287818713947,
      "mape": 96.8670255116108,
      "smape": 187.85897017623523,
      "wmape": 96.86725641777394,
      "mase": 100.27426827434662,
      "r2": -2052657.3351686709,
      "adjusted_r2": null,
      "nse": -2052657.3351686709,
      "kge": -6.060596105856948,
      "pbias": 96.86725641777394,
      "index_of_agreement": 0.0011841879615428486,
      "mean_bias_error": -36.7722345899573,
      "correlation": -0.6440097383814049
    }
  },
  "observations": 78,
  "reservoir": {
    "decline_peak_production_error_pct": 99.59717295579442,
    "decline_peak_time_error_months": null,
    "decline_decline_rate_true": -0.02904132025634941,
    "decline_decline_rate_pred": -0.048476389842626595,
    "decline_decline_rate_error_pct": -66.92213055034689,
    "decline_cumulative_error_pct": 99.2227076366002,
    "decline_plateau_duration_true": null,
    "decline_plateau_duration_pred": null,
    "decline_plateau_duration_error": null,
    "reliability_direction_accuracy": 0.3717948717948718,
    "reliability_forecast_skill_vs_persistence": -6.933503980913002
  },
  "operational": {
    "macro_mae_by_well": 151.8156979525318,
    "worst_3_wells_mae": 349.60656223162397,