{
  "folds": [
    {
      "fold": 1,
      "train_span": [
        1,
        145
      ],
      "val_span": [
        146,
        151
      ],
      "train_rows": 1885,
      "rows": 78,
      "indices": {
        "train_end_idx": 144,
        "val_start_idx": 145,
        "val_end_idx": 150
      },
      "metrics": {
        "mae": 6.9733889312392145,
        "rmse": 12.613947358577066,
        "mape": 6.830161903626343,
        "smape": 6.334848050670121,
        "wmape": 4.550061085588324,
        "mase": 1.640406715334892,
        "r2": 0.9908002987276768,
        "adjusted_r2": null,
        "nse": 0.9908002987276768,
        "kge": 0.9620446741125238,
        "pbias": 1.535293601865866,
        "index_of_agreement": 0.9976141166764207,
        "mean_bias_error": -2.352979269523258,
        "correlation": 0.9960173957441436
      },
      "lag_pairs": 65
    },
    {
      "fold": 2,
      "train_span": [
        1,
        151
      ],
      "val_span": [
        152,
        157
      ],
      "train_rows": 1963,
      "rows": 78,
      "indices": {
        "train_end_idx": 150,
        "val_start_idx": 151,
        "val_end_idx": 156
      },
      "metrics": {
        "mae": 4.508143999626437,
        "rmse": 8.21354468175151,
        "mape": 5.354776644211976,
        "smape": 4.969929801274577,
        "wmape": 2.966621441882986,
        "mase": 1.0023683584421235,
        "r2": 0.9960448092942019,
        "adjusted_r2": null,
        "nse": 0.9960448092942019,
        "kge": 0.9869717693727669,
        "pbias": 0.11679899544875512,
        "index_of_agreement": 0.9989974283542392,
        "mean_bias_error": -0.17749035419918258,
        "correlation": 0.9980810462978983
      },
      "lag_pairs": 65
    },
    {
      "fold": 3,
      "train_span": [
        1,
        157
      ],
      "val_span": [
        158,
        163
      ],
      "train_rows": 2041,
      "rows": 78,
      "indices": {
        "train_end_idx": 156,
        "val_start_idx": 157,
        "val_end_idx": 162
      },
      "metrics": {
        "mae": 6.486100091037396,
        "rmse": 10.966523118732685,
        "mape": 4.944560376194204,
        "smape": 4.905012890314887,
        "wmape": 4.241336307675661,
        "mase": 1.4319946348045367,
        "r2": 0.9930298177884824,
        "adjusted_r2": null,
        "nse": 0.9930298177884824,
        "kge": 0.9932879352014231,
        "pbias": 0.20390186707411825,
        "index_of_agreement": 0.9982450184503799,
        "mean_bias_error": -0.31181868700171667,
        "correlation": 0.9965134045540007
      },
      "lag_pairs": 65
    },
    {
      "fold": 4,
      "train_span": [
        1,
        163
      ],
      "val_span": [
        164,
        169
      ],
      "train_rows": 2119,
      "rows": 78,
      "indices": {
        "train_end_idx": 162,
        "val_start_idx": 163,
        "val_end_idx": 168
      },
      "metrics": {
        "mae": 5.2699296179324,
        "rmse": 9.387208968255964,
        "mape": 4.909735100769015,
        "smape": 5.434755722087865,
        "wmape": 3.449125398496665,
        "mase": 1.1092136498736325,
        "r2": 0.994734956771028,
        "adjusted_r2": null,
        "nse": 0.994734956771028,
        "kge": 0.9838215966154588,
        "pbias": -0.21281842217269953,
        "index_of_agreement": 0.9987027563824433,
        "mean_bias_error": 0.3251659411218809,
        "correlation": 0.9975352636707072
      },
      "lag_pairs": 65
    },
    {
      "fold": 5,
      "train_span": [
        1,
        169
      ],
      "val_span": [
        170,
        175
      ],
      "train_rows": 2197,
      "rows": 78,
      "indices": {
        "train_end_idx": 168,
        "val_start_idx": 169,
        "val_end_idx": 174
      },
      "metrics": {
        "mae": 5.910271284492034,
        "rmse": 9.816750024323234,
        "mape": 4.694921407458253,
        "smape": 4.600210075602516,
        "wmape": 3.8373768040334064,
        "mase": 1.2330522883835553,
        "r2": 0.9943453935365423,
        "adjusted_r2": null,
        "nse": 0.9943453935365423,
        "kge": 0.9962493368249671,
        "pbias": -0.1700290403485497,
        "index_of_agreement": 0.9985818217785063,
        "mean_bias_error": 0.2618762258753213,
        "correlation": 0.9971712559293825
      },
      "lag_pairs": 65
    },
    {
      "fold": 6,
      "train_span": [
        1,
        175
      ],
      "val_span": [
        176,
        181
      ],
      "train_rows": 2275,
      "rows": 78,
      "indices": {
        "train_end_idx": 174,
        "val_start_idx": 175,
        "val_end_idx": 180
      },
      "metrics": {
        "mae": 3.4351993864254156,
        "rmse": 6.319620264657753,
        "mape": 2.488005011823022,
        "smape": 2.455631990589487,
        "wmape": 2.2580525454142664,
        "mase": 0.6886571354407659,
        "r2": 0.9976080975896685,
        "adjusted_r2": null,
        "nse": 0.9976080975896685,
        "kge": 0.9904507593938788,
        "pbias": -0.7558112248360707,
        "index_of_agreement": 0.99940510797459,
        "mean_bias_error": 1.1498236660094987,
        "correlation": 0.9988665194179477
      },
      "lag_pairs": 65
    }
  ],
  "aggregate": {
    "mae": 5.430505551792149,
    "rmse": 9.552932402716369,
    "mape": 4.870360074013803,
    "smape": 4.783398088423242,
    "wmape": 3.550428930515218,
    "mase": 1.1842821303799176,
    "r2": 0.9944272289512667,
    "nse": 0.9944272289512667,
    "kge": 0.9854710119201698,
    "pbias": 0.11955596283856988,
    "index_of_agreement": 0.9985910416027634,
    "mean_bias_error": -0.184237079619576,
    "correlation": 0.9973641476023467
  },
  "conformal_profile": {
    "enabled": true,
    "method": "wcp_exp",
    "alpha": 0.1,
    "target_coverage": 0.9,
    "per_horizon": true,
    "exp_decay": 0.97,
    "min_samples": 30,
    "global_eps": 12.257671901562503,
    "global_samples": 468,
    "eps_by_horizon": {
      "1": 14.576069336523432,
      "2": 17.754411763476554,
      "3": 15.332411003515631,
      "4": 17.74638424687498,
      "5": 14.119783784570316,
      "6": 17.938902131640646
    },
    "samples_by_horizon": {
      "1": 78,
      "2": 78,
      "3": 78,
      "4": 78,
      "5": 78,
      "6": 78
    },
    "source_by_horizon": {
      "1": "per_horizon",
      "2": "per_horizon",
      "3": "per_horizon",
      "4": "per_horizon",
      "5": "per_horizon",
      "6": "per_horizon"
    }
  }
}