{
  "overall": {
    "mae": 3.3287755081746675,
    "rmse": 5.670205197929448,
    "mape": 2.8892576867991933,
    "smape": 2.830662999986373,
    "wmape": 2.175710144851573,
    "mase": 0.6645070499305865,
    "r2": 0.9981302662158467,
    "adjusted_r2": null,
    "nse": 0.9981302662158467,
    "kge": 0.9848240822731857,
    "pbias": 0.7093223276219511,
    "index_of_agreement": 0.999526057217685,
    "mean_bias_error": -1.0852432697327328,
    "correlation": 0.9991780300747326
  },
  "by_well": {
    "14": {
      "mae": 0.30817820199251306,
      "rmse": 0.31156174350953086,
      "mape": 6.6268682226227575,
      "smape": 6.40897109451279,
      "wmape": 6.608714262793771,
      "mase": 0.23333136531387108,
      "r2": -14.515772670749216,
      "adjusted_r2": null,
      "nse": -14.515772670749216,
      "kge": 0.4398311054271975,
      "pbias": -6.60871426279377,
      "index_of_agreement": 0.3332314330112386,
      "mean_bias_error": 0.30817820199251306,
      "correlation": 0.9700288738561915
    },
    "22": {
      "mae": 0.33547513404947676,
      "rmse": 0.3939813143154411,
      "mape": 0.3314863649215057,
      "smape": 0.3310037488865756,
      "wmape": 0.3301729357936397,
      "mase": 0.35184892783199184,
      "r2": 0.791435689800163,
      "adjusted_r2": null,
      "nse": 0.791435689800163,
      "kge": 0.5881118485404525,
      "pbias": -0.07316148483880235,
      "index_of_agreement": 0.9165802791625506,
      "mean_bias_error": 0.07433637428385727,
      "correlation": 0.9726352602659568
    },
    "23": {
      "mae": 0.06104687611247761,
      "rmse": 0.06114675541572944,
      "mape": 4.70970379467309,
      "smape": 4.6008909864139,
      "wmape": 4.706683360670077,
      "mase": 0.03290895207904202,
      "r2": -18.721457191175244,
      "adjusted_r2": null,
      "nse": -18.721457191175244,
      "kge": 0.7828862220200994,
      "pbias": -4.706683360670077,
      "index_of_agreement": 0.31964385796377626,
      "mean_bias_error": 0.06104687611247761,
      "correlation": 0.9875659051875654
    },
    "27": {
      "mae": 7.272453500683601,
      "rmse": 8.217562977008539,
      "mape": 2.682364556467598,
      "smape": 2.7051449562623353,
      "wmape": 2.7369701526798558,
      "mase": 0.8959815357035187,
      "r2": 0.7324223777910268,
      "adjusted_r2": null,
      "nse": 0.7324223777910268,
      "kge": 0.5521786290468518,
      "pbias": 1.122521243132551,
      "index_of_agreement": 0.88947284443024,
      "mean_bias_error": -2.982671746061205,
      "correlation": 0.9703721507552874
    },
    "3": {
      "mae": 5.0589368696940085,
      "rmse": 5.62006459298138,
      "mape": 2.3295265712249944,
      "smape": 2.3463549331899713,
      "wmape": 2.3670766816456994,
      "mase": 0.7412397643783227,
      "r2": 0.7378737322019207,
      "adjusted_r2": null,
      "nse": 0.7378737322019207,
      "kge": 0.5577019960627023,
      "pbias": 0.9820746750504572,
      "index_of_agreement": 0.8928751063614279,
      "mean_bias_error": -2.0988985362955646,
      "correlation": 0.9724396049994954
    },
    "31": {
      "mae": 8.078420897330735,
      "rmse": 9.079501526222586,
      "mape": 2.2632847441981037,
      "smape": 2.2814878870152437,
      "wmape": 2.3045317280223583,
      "mase": 0.760458313957363,
      "r2": 0.7211592737365686,
      "adjusted_r2": null,
      "nse": 0.7211592737365686,
      "kge": 0.55682987037341,
      "pbias": 1.0278353710505275,
      "index_of_agreement": 0.8854192683418776,
      "mean_bias_error": -3.603025568945308,
      "correlation": 0.964260296262152
    },
    "33": {
      "mae": 1.0832180405598895,
      "rmse": 1.139449737880303,
      "mape": 0.2997378995892891,
      "smape": 0.2998852096360848,
      "wmape": 0.2999831636171736,
      "mase": 0.33683104245280854,
      "r2": 0.780363589490264,
      "adjusted_r2": null,
      "nse": 0.780363589490264,
      "kge": 0.5811677937213406,
      "pbias": 0.08604244244105633,
      "index_of_agreement": 0.9117998104453617,
      "mean_bias_error": -0.31069318951822805,
      "correlation": 0.9755224568906442
    },
    "35": {
      "mae": 0.1211477344824227,
      "rmse": 0.12295884590338581,
      "mape": 0.15073668520729702,
      "smape": 0.1506197308216073,
      "wmape": 0.15072487142635282,
      "mase": 0.2439592794095007,
      "r2": -7.835820710871371,
      "adjusted_r2": null,
      "nse": -7.835820710871371,
      "kge": 0.5984604477065099,
      "pbias": -0.15072487142635282,
      "index_of_agreement": 0.413742321203185,
      "mean_bias_error": 0.1211477344824227,
      "correlation": 0.9139982679629901
    },
    "38": {
      "mae": 0.04738634196614555,
      "rmse": 0.06507093289076564,
      "mape": 0.07298413903548498,
      "smape": 0.07293968147970008,
      "wmape": 0.07285020023973536,
      "mase": 0.11107558041784442,
      "r2": 0.7818695661646935,
      "adjusted_r2": null,
      "nse": 0.7818695661646935,
      "kge": 0.6094564720835944,
      "pbias": -0.04203630273603648,
      "index_of_agreement": 0.9162127285603509,
      "mean_bias_error": 0.027343049296874256,
      "correlation": 0.9773791709364895
    },
    "40": {
      "mae": 11.155235794401042,
      "rmse": 12.920862518304991,
      "mape": 3.179692140112452,
      "smape": 3.219337556084503,
      "wmape": 3.2737356062241956,
      "mase": 0.9594205894585203,
      "r2": 0.7092770132433565,
      "adjusted_r2": null,
      "nse": 0.7092770132433565,
      "kge": 0.5427526459750387,
      "pbias": 1.5354019435783817,
      "index_of_agreement": 0.8787053027413179,
      "mean_bias_error": -5.23187354752604,
      "correlation": 0.9675946413290227
    },
    "45": {
      "mae": 3.438937663688152,
      "rmse": 4.011045766605243,
      "mape": 10.17235719242141,
      "smape": 9.573743476461773,
      "wmape": 9.569120074630126,
      "mase": 1.4194075129498442,
      "r2": 0.09583609132661075,
      "adjusted_r2": null,
      "nse": 0.09583609132661075,
      "kge": 0.3372557755259443,
      "pbias": -6.120186384616138,
      "index_of_agreement": 0.6110293069036561,
      "mean_bias_error": 2.1994644546940108,
      "correlation": 0.6329141745670784
    },
    "48": {
      "mae": 6.283409718847655,
      "rmse": 7.197437175927999,
      "mape": 4.661936146398735,
      "smape": 4.728607408852292,
      "wmape": 4.823930518206238,
      "mase": 0.9433578725184228,
      "r2": 0.7193192137771003,
      "adjusted_r2": null,
      "nse": 0.7193192137771003,
      "kge": 0.5442169112452078,
      "pbias": 2.0749697608749402,
      "index_of_agreement": 0.8827707459364676,
      "mean_bias_error": -2.7027514415039064,
      "correlation": 0.9681109060316635
    },
    "50": {
      "mae": 0.030234832462564754,
      "rmse": 0.03357915887858639,
      "mape": 0.07967147151679638,
      "smape": 0.07963233020605842,
      "wmape": 0.07964610531717747,
      "mase": 0.08244741543145537,
      "r2": -0.7115951513253809,
      "adjusted_r2": null,
      "nse": -0.7115951513253809,
      "kge": 0.4630121555449416,
      "pbias": -0.07964610531717747,
      "index_of_agreement": 0.6325726410419852,
      "mean_bias_error": 0.030234832462564754,
      "correlation": 0.959952764568587
    }
  },
  "observations": 78,
  "reservoir": {
    "decline_peak_production_error_pct": 3.09617231142122,
    "decline_peak_time_error_months": null,
    "decline_decline_rate_true": -0.02904132025634941,
    "decline_decline_rate_pred": -0.03420924247036287,
    "decline_decline_rate_error_pct": -17.79506698161991,
    "decline_cumulative_error_pct": 0.70930157899172,
    "decline_plateau_duration_true": null,
    "decline_plateau_duration_pred": null,
    "decline_plateau_duration_error": null,
    "reliability_direction_accuracy": 0.8974358974358975,
    "reliability_picp": 0.9743589743589743,
    "reliability_picp_deviation_from_target": 0.07435897435897432,
    "reliability_mpiw": 32.48932075553386,