{
  "overall": {
    "mae": 152.11977680402725,
    "rmse": 200.83989557229813,
    "mape": 92.55554518165535,
    "smape": 179.65565782895413,
    "wmape": 99.42651308635875,
    "mase": 30.366921371508514,
    "r2": -1.3457525525957248,
    "adjusted_r2": null,
    "nse": -1.3457525525957248,
    "kge": -0.7397378941337467,
    "pbias": 99.42651308635875,
    "index_of_agreement": 0.47084814300140243,
    "mean_bias_error": -152.11977680402725,
    "correlation": -0.01975857050718713
  },
  "by_well": {
    "14": {
      "mae": 3.7857907656041765,
      "rmse": 3.788515232270635,
      "mape": 81.1770623759716,
      "smape": 136.78950539209927,
      "wmape": 81.18422804351715,
      "mase": 2.8663407159229513,
      "r2": -2293.1575122489144,
      "adjusted_r2": null,
      "nse": -2293.1575122489144,
      "kge": -0.4020121365838989,
      "pbias": 81.18422804351714,
      "index_of_agreement": 0.03446257383672546,
      "mean_bias_error": -3.7857907656041765,
      "correlation": -0.038093105851194936
    },
    "22": {
      "mae": 100.72846628777084,
      "rmse": 100.73280499309098,
      "mape": 99.13581987156599,
      "smape": 196.57345951266905,
      "wmape": 99.13644874591216,
      "mase": 105.64479828268327,
      "r2": -13633.22946520124,
      "adjusted_r2": null,
      "nse": -13633.22946520124,
      "kge": -1.0525817956156498,
      "pbias": 99.13644874591218,
      "index_of_agreement": 0.0158172260787941,
      "mean_bias_error": -100.72846628777084,
      "correlation": -0.575759889563868
    },
    "23": {
      "mae": 0.4196064496041769,
      "rmse": 0.4360351372785704,
      "mape": 32.337960935169846,
      "smape": 39.250798243255744,
      "wmape": 32.351445645523505,
      "mase": 0.22620008461429497,
      "r2": -1001.8480673915473,
      "adjusted_r2": null,
      "nse": -1001.8480673915473,
      "kge": -6.574460373904572,
      "pbias": 32.351445645523505,
      "index_of_agreement": 0.04716463548324923,
      "mean_bias_error": -0.4196064496041769,
      "correlation": -0.0597728964878279
    },
    "27": {
      "mae": 264.83441188777084,
      "rmse": 265.31311743490204,
      "mape": 99.66760467695264,
      "smape": 198.67495043935764,
      "wmape": 99.66978553678175,
      "mase": 32.6281554152307,
      "r2": -277.92096121714746,
      "adjusted_r2": null,
      "nse": -277.92096121714746,
      "kge": -0.9686559865802606,
      "pbias": 99.66978553678173,
      "index_of_agreement": 0.09679780494434653,
      "mean_bias_error": -264.83441188777084,
      "correlation": -0.37726826884587583
    },
    "3": {
      "mae": 212.84345077110416,
      "rmse": 213.12876964706302,
      "mape": 99.58722840974059,
      "smape": 198.35588520265713,
      "wmape": 99.58945567782081,
      "mase": 31.186004760044582,
      "r2": -375.9745969526509,
      "adjusted_r2": null,
      "nse": -375.9745969526509,
      "kge": -0.9829813526879443,
      "pbias": 99.58945567782081,
      "index_of_agreement": 0.08579078921849137,
      "mean_bias_error": -212.84345077110416,
      "correlation": -0.400571977220554
    },
    "31": {
      "mae": 349.66758767110423,
      "rmse": 350.0922115538989,
      "mape": 99.74849232940485,
      "smape": 198.99655927037594,
      "wmape": 99.74969864659536,
      "mase": 32.91579227491938,
      "r2": -413.5692555339055,
      "adjusted_r2": null,
      "nse": -413.5692555339055,
      "kge": -0.9625313714809844,
      "pbias": 99.74969864659536,
      "index_of_agreement": 0.08026294198704276,
      "mean_bias_error": -349.66758767110423,
      "correlation": -0.3675105510652894
    },
    "33": {
      "mae": 360.21552628777084,
      "rmse": 360.224130068028,
      "mape": 99.75689389775127,
      "smape": 199.02997811582992,
      "wmape": 99.75701023588725,
      "mase": 112.0104786700962,
      "r2": -21950.26710180782,
      "adjusted_r2": null,
      "nse": -21950.26710180782,
      "kge": -1.0234837465891653,
      "pbias": 99.75701023588725,
      "index_of_agreement": 0.012558279505509473,
      "mean_bias_error": -360.21552628777084,
      "correlation": -0.48095293262598215
    },
    "35": {
      "mae": 79.49931875610417,
      "rmse": 79.49946145084984,
      "mape": 98.90831029360658,
      "smape": 195.6812217985303,
      "wmape": 98.90836712043495,
      "mase": 160.09045980219577,
      "r2": -3693648.756021014,
      "adjusted_r2": null,
      "nse": -3693648.756021014,
      "kge": -1.719471725266176,
      "pbias": 98.90836712043495,
      "index_of_agreement": 0.0009131296843005732,
      "mean_bias_error": -79.49931875610417,
      "correlation": -0.7547866822549911
    },
    "38": {
      "mae": 64.16885662610419,
      "rmse": 64.1692806677739,
      "mape": 98.65082644390215,
      "smape": 194.67641728373238,
      "wmape": 98.65108511026946,
      "mase": 150.41450128364338,
      "r2": -212126.28761428688,
      "adjusted_r2": null,
      "nse": -212126.28761428688,
      "kge": -0.9331619756193066,
      "pbias": 98.65108511026948,
      "index_of_agreement": 0.0038840460497325813,
      "mean_bias_error": -64.16885662610419,
      "correlation": -0.6547198910926293
    },
    "40": {
      "mae": 339.8720226044375,
      "rmse": 340.71867915252074,
      "mape": 99.74039568072558,
      "smape": 198.96435439687264,
      "wmape": 99.74250320356616,
      "mase": 29.231136147859186,
      "r2": -201.15675032665388,
      "adjusted_r2": null,
      "nse": -201.15675032665388,
      "kge": -0.9510411324965515,
      "pbias": 99.74250320356616,
      "index_of_agreement": 0.11192387177368879,
      "mean_bias_error": -339.8720226044375,
      "correlation": -0.34960765097862867
    },
    "45": {
      "mae": 35.06044829443751,
      "rmse": 35.319643894844525,
      "mape": 97.50728657633249,
      "smape": 190.28178385682634,
      "wmape": 97.55851149683909,
      "mase": 14.47105722269554,
      "r2": -69.10751363031214,
      "adjusted_r2": null,
      "nse": -69.10751363031214,
      "kge": -0.9931505387300661,
      "pbias": 97.5585114968391,
      "index_of_agreement": 0.17050011137556398,
      "mean_bias_error": -35.06044829443751,
      "correlation": -0.44068000048579226
    },
    "48": {
      "mae": 129.37756083777083,
      "rmse": 130.09335548294894,
      "mape": 99.31570239702337,
      "smape": 197.28216925565727,
      "wmape": 99.32638360734896,
      "mase": 19.424062094414168,
      "r2": -90.69953849287927,
      "adjusted_r2": null,
      "nse": -90.69953849287927,
      "kge": -0.9559947994856641,
      "pbias": 99.32638360734894,
      "index_of_agreement": 0.1560938651560282,
      "mean_bias_error": -129.37756083777083,
      "correlation": -0.3625285716199529
    },
    "50": {
      "mae": 37.08405121277084,
      "rmse": 37.08430462526946,
      "mape": 97.6885034733724,
      "smape": 190.96646900854077,
      "wmape": 97.68865933479039,
      "mase": 101.12456154689484,
      "r2": -2087572.1415104412,
      "adjusted_r2": null,
      "nse": -2087572.1415104412,
      "kge": -3.0790939380039495,
      "pbias": 97.68865933479039,
      "index_of_agreement": 0.001173589897484617,
      "mean_bias_error": -37.08405121277084,
      "correlation": -0.7432072827408751
    }
  },
  "observations": 78,
  "reservoir": {
    "decline_peak_production_error_pct": 99.70369703496354,
    "decline_peak_time_error_months": null,
    "decline_decline_rate_true": -0.02904132025634986,
    "decline_decline_rate_pred": -0.001937901487705475,
    "decline_decline_rate_error_pct": -93.32709209729941,
    "decline_cumulative_error_pct": 99.42651308635875,
    "decline_plateau_duration_true": null,
    "decline_plateau_duration_pred": null,
    "decline_plateau_duration_error": null,
    "reliability_direction_accuracy": 0.4230769230769231,
    "reliability_forecast_skill_vs_persistence": -6.952376761994963
  },
  "operational": {
    "macro_mae_by_well": 152.11977680402723,
    "worst_3_wells_mae": 349.91837885443755,