{
  "folds": [
    {
      "fold": 1,
      "train_span": [
        1,
        145
      ],
      "val_span": [
        146,
        151
      ],
      "train_rows": 1885,
      "rows": 78,
      "indices": {
        "train_end_idx": 144,
        "val_start_idx": 145,
        "val_end_idx": 150
      },
      "metrics": {
        "mae": 12.083934461430237,
        "rmse": 22.393870701303328,
        "mape": 7.921996539355737,
        "smape": 9.316505479640428,
        "wmape": 7.884636938496799,
        "mase": 2.8426017010748157,
        "r2": 0.9710045382258715,
        "adjusted_r2": null,
        "nse": 0.9710045382258715,
        "kge": 0.9595215002028604,
        "pbias": 3.7449731345809028,
        "index_of_agreement": 0.9927599301918812,
        "mean_bias_error": -5.7395172753154355,
        "correlation": 0.9865830149246023
      },
      "lag_pairs": 65
    },
    {
      "fold": 2,
      "train_span": [
        1,
        151
      ],
      "val_span": [
        152,
        157
      ],
      "train_rows": 1963,
      "rows": 78,
      "indices": {
        "train_end_idx": 150,
        "val_start_idx": 151,
        "val_end_idx": 156
      },
      "metrics": {
        "mae": 12.102951689158456,
        "rmse": 21.61488504956689,
        "mape": 12.992801077641275,
        "smape": 14.386675153851508,
        "wmape": 7.964447452012759,
        "mase": 2.691044433800553,
        "r2": 0.972608738067384,
        "adjusted_r2": null,
        "nse": 0.972608738067384,
        "kge": 0.9535753843132778,
        "pbias": 4.471453038602506,
        "index_of_agreement": 0.9931041740352703,
        "mean_bias_error": -6.794919601468446,
        "correlation": 0.9876378329495071
      },
      "lag_pairs": 65
    },
    {
      "fold": 3,
      "train_span": [
        1,
        157
      ],
      "val_span": [
        158,
        163
      ],
      "train_rows": 2041,
      "rows": 78,
      "indices": {
        "train_end_idx": 156,
        "val_start_idx": 157,
        "val_end_idx": 162
      },
      "metrics": {
        "mae": 7.298246443529906,
        "rmse": 11.533795042817328,
        "mape": 5.430332616898599,
        "smape": 5.8521075250323555,
        "wmape": 4.772408255938165,
        "mase": 1.6112994871999518,
        "r2": 0.9922900657625734,
        "adjusted_r2": null,
        "nse": 0.9922900657625734,
        "kge": 0.9758928275784737,
        "pbias": 2.1066380773173883,
        "index_of_agreement": 0.9980476436236069,
        "mean_bias_error": -3.2215944301194157,
        "correlation": 0.9964687749929876
      },
      "lag_pairs": 65
    },
    {
      "fold": 4,
      "train_span": [
        1,
        163
      ],
      "val_span": [
        164,
        169
      ],
      "train_rows": 2119,
      "rows": 78,
      "indices": {
        "train_end_idx": 162,
        "val_start_idx": 163,
        "val_end_idx": 168
      },
      "metrics": {
        "mae": 7.005480656399725,
        "rmse": 13.894782674976447,
        "mape": 5.480546933334404,
        "smape": 6.429082324115992,
        "wmape": 4.585029215275438,
        "mase": 1.4745120582944276,
        "r2": 0.9884646045671631,
        "adjusted_r2": null,
        "nse": 0.9884646045671631,
        "kge": 0.9742200297265319,
        "pbias": 2.423556570126752,
        "index_of_agreement": 0.9971292547567234,
        "mean_bias_error": -3.7029597576279545,
        "correlation": 0.9947036854947972
      },
      "lag_pairs": 65
    },
    {
      "fold": 5,
      "train_span": [
        1,
        169
      ],
      "val_span": [
        170,
        175
      ],
      "train_rows": 2197,
      "rows": 78,
      "indices": {
        "train_end_idx": 168,
        "val_start_idx": 169,
        "val_end_idx": 174
      },
      "metrics": {
        "mae": 5.097233966820947,
        "rmse": 8.3660548112488,
        "mape": 4.730356099218258,
        "smape": 4.427081411702378,
        "wmape": 3.309494005856111,
        "mase": 1.0634293596144364,
        "r2": 0.9958931548107253,
        "adjusted_r2": null,
        "nse": 0.9958931548107253,
        "kge": 0.9828533146050584,
        "pbias": 0.6620924956195925,
        "index_of_agreement": 0.998955987643918,
        "mean_bias_error": -1.0197451187032505,
        "correlation": 0.9980700124362625
      },
      "lag_pairs": 65
    },
    {
      "fold": 6,
      "train_span": [
        1,
        175
      ],
      "val_span": [
        176,
        181
      ],
      "train_rows": 2275,
      "rows": 78,
      "indices": {
        "train_end_idx": 174,
        "val_start_idx": 175,
        "val_end_idx": 180
      },
      "metrics": {
        "mae": 4.588665045072747,
        "rmse": 7.265868676925003,
        "mape": 3.5279437988319016,
        "smape": 3.4398430370786706,
        "wmape": 3.016257753778261,
        "mase": 0.9198933074814056,
        "r2": 0.9968381841027011,
        "adjusted_r2": null,
        "nse": 0.9968381841027011,
        "kge": 0.981839949861482,
        "pbias": 0.9488844131590795,
        "index_of_agreement": 0.9991966704937446,
        "mean_bias_error": -1.4435479637054671,
        "correlation": 0.9985784404083098
      },
      "lag_pairs": 65
    }
  ],
  "aggregate": {
    "mae": 8.029418710402002,
    "rmse": 14.1782094928063,
    "mape": 6.680662844213363,
    "smape": 7.308549155236889,
    "wmape": 5.255378936892922,
    "mase": 1.7671300579109315,
    "r2": 0.9861832142560698,
    "nse": 0.9861832142560698,
    "kge": 0.9713171677146141,
    "pbias": 2.392932954901037,
    "index_of_agreement": 0.9965322767908574,
    "mean_bias_error": -3.653714024489995,
    "correlation": 0.9936736268677444
  },
  "conformal_profile": {
    "enabled": true,
    "method": "wcp_exp",
    "alpha": 0.1,
    "target_coverage": 0.9,
    "per_horizon": true,
    "exp_decay": 0.97,
    "min_samples": 30,
    "global_eps": 13.32312103476562,
    "global_samples": 468,
    "eps_by_horizon": {
      "1": 15.9433965324219,
      "2": 12.17980310742189,
      "3": 20.190131842187498,
      "4": 14.395097664453147,
      "5": 17.019856906250027,
      "6": 22.989815807597658
    },
    "samples_by_horizon": {
      "1": 78,
      "2": 78,
      "3": 78,
      "4": 78,
      "5": 78,
      "6": 78
    },
    "source_by_horizon": {
      "1": "per_horizon",
      "2": "per_horizon",
      "3": "per_horizon",
      "4": "per_horizon",
      "5": "per_horizon",
      "6": "per_horizon"
    }
  }
}