{
  "folds": [
    {
      "fold": 1,
      "train_span": [
        1,
        145
      ],
      "val_span": [
        146,
        151
      ],
      "train_rows": 1885,
      "rows": 78,
      "indices": {
        "train_end_idx": 144,
        "val_start_idx": 145,
        "val_end_idx": 150
      },
      "metrics": {
        "mae": 12.685377153773663,
        "rmse": 23.70174666394711,
        "mape": 11.928566017839003,
        "smape": 14.864878916879304,
        "wmape": 8.277071810067484,
        "mase": 2.984083933191464,
        "r2": 0.9675187749440338,
        "adjusted_r2": null,
        "nse": 0.9675187749440338,
        "kge": 0.931418484283342,
        "pbias": 6.247713574067916,
        "index_of_agreement": 0.9916289632865686,
        "mean_bias_error": -9.575198192602919,
        "correlation": 0.986379562562828
      },
      "lag_pairs": 65
    },
    {
      "fold": 2,
      "train_span": [
        1,
        151
      ],
      "val_span": [
        152,
        157
      ],
      "train_rows": 1963,
      "rows": 78,
      "indices": {
        "train_end_idx": 150,
        "val_start_idx": 151,
        "val_end_idx": 156
      },
      "metrics": {
        "mae": 5.811085218021102,
        "rmse": 9.680221037323651,
        "mape": 6.61017100031083,
        "smape": 6.223382194189988,
        "wmape": 3.824032686138505,
        "mase": 1.2920722921090744,
        "r2": 0.9945061508731898,
        "adjusted_r2": null,
        "nse": 0.9945061508731898,
        "kge": 0.9812426741984678,
        "pbias": -1.5516961347834377,
        "index_of_agreement": 0.9986391227464516,
        "mean_bias_error": 2.3579919973973564,
        "correlation": 0.9974941103190589
      },
      "lag_pairs": 65
    },
    {
      "fold": 3,
      "train_span": [
        1,
        157
      ],
      "val_span": [
        158,
        163
      ],
      "train_rows": 2041,
      "rows": 78,
      "indices": {
        "train_end_idx": 156,
        "val_start_idx": 157,
        "val_end_idx": 162
      },
      "metrics": {
        "mae": 6.799904175514323,
        "rmse": 11.180780293689487,
        "mape": 4.5759846918723515,
        "smape": 4.792685120987421,
        "wmape": 4.446536449256584,
        "mase": 1.5012759840041352,
        "r2": 0.9927547989496369,
        "adjusted_r2": null,
        "nse": 0.9927547989496369,
        "kge": 0.9941073551767479,
        "pbias": 0.4647296675028249,
        "index_of_agreement": 0.998186065257608,
        "mean_bias_error": -0.7106918480486496,
        "correlation": 0.9963933368620808
      },
      "lag_pairs": 65
    },
    {
      "fold": 4,
      "train_span": [
        1,
        163
      ],
      "val_span": [
        164,
        169
      ],
      "train_rows": 2119,
      "rows": 78,
      "indices": {
        "train_end_idx": 162,
        "val_start_idx": 163,
        "val_end_idx": 168
      },
      "metrics": {
        "mae": 4.742897310692382,
        "rmse": 9.044821863290016,
        "mape": 4.168711553446848,
        "smape": 4.657367216532209,
        "wmape": 3.1041871073771268,
        "mase": 0.9982840034651136,
        "r2": 0.9951120246671784,
        "adjusted_r2": null,
        "nse": 0.9951120246671784,
        "kge": 0.9813094574764547,
        "pbias": -0.270452376523634,
        "index_of_agreement": 0.9987987996786503,
        "mean_bias_error": 0.41322504247114933,
        "correlation": 0.9977705696415227
      },
      "lag_pairs": 65
    },
    {
      "fold": 5,
      "train_span": [
        1,
        169
      ],
      "val_span": [
        170,
        175
      ],
      "train_rows": 2197,
      "rows": 78,
      "indices": {
        "train_end_idx": 168,
        "val_start_idx": 169,
        "val_end_idx": 174
      },
      "metrics": {
        "mae": 5.409812584241771,
        "rmse": 9.522972942183912,
        "mape": 5.5739353748218115,
        "smape": 4.738158459064598,
        "wmape": 3.5124427163619765,
        "mase": 1.1286422341100342,
        "r2": 0.9946787701131903,
        "adjusted_r2": null,
        "nse": 0.9946787701131903,
        "kge": 0.9876937037881868,
        "pbias": -1.057537667699197,
        "index_of_agreement": 0.9986603476042423,
        "mean_bias_error": 1.628803953550148,
        "correlation": 0.9974188769763541
      },
      "lag_pairs": 65
    },
    {
      "fold": 6,
      "train_span": [
        1,
        175
      ],
      "val_span": [
        176,
        181
      ],
      "train_rows": 2275,
      "rows": 78,
      "indices": {
        "train_end_idx": 174,
        "val_start_idx": 175,
        "val_end_idx": 180
      },
      "metrics": {
        "mae": 2.43707458122861,
        "rmse": 4.306800058397585,
        "mape": 3.04539492562141,
        "smape": 3.173938706923086,
        "wmape": 1.6019572206648538,
        "mase": 0.4885622670394122,
        "r2": 0.9988891103746059,
        "adjusted_r2": null,
        "nse": 0.9988891103746059,
        "kge": 0.9974713555595668,
        "pbias": 0.19869348245689328,
        "index_of_agreement": 0.999722607647798,
        "mean_bias_error": -0.3022745110200377,
        "correlation": 0.9994491688921322
      },
      "lag_pairs": 65
    }
  ],
  "aggregate": {
    "mae": 6.314358503911974,
    "rmse": 11.239557143138628,
    "mape": 5.983793927318709,
    "smape": 6.408401769096102,
    "wmape": 4.127704664977755,
    "mase": 1.398820118986539,
    "r2": 0.9905766049869726,
    "nse": 0.9905766049869726,
    "kge": 0.9788738384137942,
    "pbias": 0.6719084241702276,
    "index_of_agreement": 0.9976059843702197,
    "mean_bias_error": -1.0313572597088256,
    "correlation": 0.995817604208996
  },
  "conformal_profile": {
    "enabled": true,
    "method": "wcp_exp",
    "alpha": 0.1,
    "target_coverage": 0.9,
    "per_horizon": true,
    "exp_decay": 0.97,
    "min_samples": 30,
    "global_eps": 7.874006462500006,
    "global_samples": 468,
    "eps_by_horizon": {
      "1": 16.202116292968753,
      "2": 13.338881763881837,
      "3": 15.320008464453139,
      "4": 10.064719212499995,
      "5": 19.26021529765626,
      "6": 13.443062710351569
    },
    "samples_by_horizon": {
      "1": 78,
      "2": 78,
      "3": 78,
      "4": 78,
      "5": 78,
      "6": 78
    },
    "source_by_horizon": {
      "1": "per_horizon",
      "2": "per_horizon",
      "3": "per_horizon",
      "4": "per_horizon",
      "5": "per_horizon",
      "6": "per_horizon"
    }
  }
}