{
  "folds": [
    {
      "fold": 1,
      "train_span": [
        1,
        145
      ],
      "val_span": [
        146,
        151
      ],
      "train_rows": 1885,
      "rows": 78,
      "indices": {
        "train_end_idx": 144,
        "val_start_idx": 145,
        "val_end_idx": 150
      },
      "metrics": {
        "mae": 13.244008215442141,
        "rmse": 25.166347943457897,
        "mape": 9.323576237513667,
        "smape": 11.46753379003827,
        "wmape": 8.641572554248253,
        "mase": 3.115495238941305,
        "r2": 0.9633805269601894,
        "adjusted_r2": null,
        "nse": 0.9633805269601894,
        "kge": 0.9355181347570988,
        "pbias": 6.169401421425602,
        "index_of_agreement": 0.9906908636463799,
        "mean_bias_error": -9.455177584495672,
        "correlation": 0.9841661508053932
      },
      "lag_pairs": 65
    },
    {
      "fold": 2,
      "train_span": [
        1,
        151
      ],
      "val_span": [
        152,
        157
      ],
      "train_rows": 1963,
      "rows": 78,
      "indices": {
        "train_end_idx": 150,
        "val_start_idx": 151,
        "val_end_idx": 156
      },
      "metrics": {
        "mae": 12.703494314491861,
        "rmse": 25.42822923184786,
        "mape": 14.802025819816686,
        "smape": 17.078180765443832,
        "wmape": 8.359639493177905,
        "mase": 2.8245727606640805,
        "r2": 0.9620913414845423,
        "adjusted_r2": null,
        "nse": 0.9620913414845423,
        "kge": 0.9491083212013035,
        "pbias": 4.418901180314957,
        "index_of_agreement": 0.9906236685626437,
        "mean_bias_error": -6.715060627464043,
        "correlation": 0.9828568972397604
      },
      "lag_pairs": 65
    },
    {
      "fold": 3,
      "train_span": [
        1,
        157
      ],
      "val_span": [
        158,
        163
      ],
      "train_rows": 2041,
      "rows": 78,
      "indices": {
        "train_end_idx": 156,
        "val_start_idx": 157,
        "val_end_idx": 162
      },
      "metrics": {
        "mae": 6.792778181885683,
        "rmse": 11.323212825168524,
        "mape": 5.088030403328744,
        "smape": 5.384957807824044,
        "wmape": 4.441876679120261,
        "mase": 1.4997027143196349,
        "r2": 0.9925690292008165,
        "adjusted_r2": null,
        "nse": 0.9925690292008165,
        "kge": 0.9717201268379347,
        "pbias": 2.2246414501119074,
        "index_of_agreement": 0.9981071974365477,
        "mean_bias_error": -3.4020521046594228,
        "correlation": 0.9967105213662011
      },
      "lag_pairs": 65
    },
    {
      "fold": 4,
      "train_span": [
        1,
        163
      ],
      "val_span": [
        164,
        169
      ],
      "train_rows": 2119,
      "rows": 78,
      "indices": {
        "train_end_idx": 162,
        "val_start_idx": 163,
        "val_end_idx": 168
      },
      "metrics": {
        "mae": 7.599262196218067,
        "rmse": 14.160753358151334,
        "mape": 6.091791378730868,
        "smape": 6.912451712545295,
        "wmape": 4.973654327682428,
        "mase": 1.5994910687860127,
        "r2": 0.988018762227205,
        "adjusted_r2": null,
        "nse": 0.988018762227205,
        "kge": 0.9660358547103497,
        "pbias": 3.2316604995146365,
        "index_of_agreement": 0.9969706091439171,
        "mean_bias_error": -4.937664310180593,
        "correlation": 0.9947309024119972
      },
      "lag_pairs": 65
    },
    {
      "fold": 5,
      "train_span": [
        1,
        169
      ],
      "val_span": [
        170,
        175
      ],
      "train_rows": 2197,
      "rows": 78,
      "indices": {
        "train_end_idx": 168,
        "val_start_idx": 169,
        "val_end_idx": 174
      },
      "metrics": {
        "mae": 5.119539711900075,
        "rmse": 8.656000001343223,
        "mape": 4.439395574874015,
        "smape": 4.215535410445858,
        "wmape": 3.3239765134506314,
        "mase": 1.0680829784907961,
        "r2": 0.9956035573068756,
        "adjusted_r2": null,
        "nse": 0.9956035573068756,
        "kge": 0.9930433713803316,
        "pbias": 0.001983887131557516,
        "index_of_agreement": 0.9988923828813949,
        "mean_bias_error": -0.003055553766050122,
        "correlation": 0.9978091106941555
      },
      "lag_pairs": 65
    },
    {
      "fold": 6,
      "train_span": [
        1,
        175
      ],
      "val_span": [
        176,
        181
      ],
      "train_rows": 2275,
      "rows": 78,
      "indices": {
        "train_end_idx": 174,
        "val_start_idx": 175,
        "val_end_idx": 180
      },
      "metrics": {
        "mae": 4.4532299056177465,
        "rmse": 7.159639258077878,
        "mape": 3.3600125845235014,
        "smape": 3.3156700744523953,
        "wmape": 2.9272324521921633,
        "mase": 0.8927425180560052,
        "r2": 0.9969299618534411,
        "adjusted_r2": null,
        "nse": 0.9969299618534411,
        "kge": 0.9814182423985544,
        "pbias": 1.2102002015166904,
        "index_of_agreement": 0.9992211165841549,
        "mean_bias_error": -1.8410904556427619,
        "correlation": 0.9986459751353284
      },
      "lag_pairs": 65
    }
  ],
  "aggregate": {
    "mae": 8.318718754259262,
    "rmse": 15.315697103007787,
    "mape": 7.184138666464581,
    "smape": 8.062388260124951,
    "wmape": 5.444658669978606,
    "mase": 1.8333478798763057,
    "r2": 0.9830988631721782,
    "nse": 0.9830988631721782,
    "kge": 0.9661406752142622,
    "pbias": 2.8761314400025584,
    "index_of_agreement": 0.9957509730425065,
    "mean_bias_error": -4.392350106034757,
    "correlation": 0.9924865929421394
  },
  "conformal_profile": {
    "enabled": true,
    "method": "wcp_exp",
    "alpha": 0.1,
    "target_coverage": 0.9,
    "per_horizon": true,
    "exp_decay": 0.97,
    "min_samples": 30,
    "global_eps": 11.558994838574222,
    "global_samples": 468,
    "eps_by_horizon": {
      "1": 16.185474854101557,
      "2": 13.55480310742189,
      "3": 20.88755711054688,
      "4": 14.48471678359374,
      "5": 17.546895480468777,
      "6": 22.429279096513675
    },
    "samples_by_horizon": {
      "1": 78,
      "2": 78,
      "3": 78,
      "4": 78,
      "5": 78,
      "6": 78
    },
    "source_by_horizon": {
      "1": "per_horizon",
      "2": "per_horizon",
      "3": "per_horizon",
      "4": "per_horizon",
      "5": "per_horizon",
      "6": "per_horizon"
    }
  }
}