{
  "folds": [
    {
      "fold": 1,
      "train_span": [
        1,
        145
      ],
      "val_span": [
        146,
        151
      ],
      "train_rows": 1885,
      "rows": 78,
      "indices": {
        "train_end_idx": 144,
        "val_start_idx": 145,
        "val_end_idx": 150
      },
      "metrics": {
        "mae": 13.776897598891178,
        "rmse": 24.491307330481664,
        "mape": 13.274094553653967,
        "smape": 16.861693534289486,
        "wmape": 8.989277130955942,
        "mase": 3.2408511213910063,
        "r2": 0.9653186788482327,
        "adjusted_r2": null,
        "nse": 0.9653186788482327,
        "kge": 0.9166752161250344,
        "pbias": 7.591941296153959,
        "index_of_agreement": 0.9910068516737826,
        "mean_bias_error": -11.635351351414341,
        "correlation": 0.9866513522512999
      },
      "lag_pairs": 65
    },
    {
      "fold": 2,
      "train_span": [
        1,
        151
      ],
      "val_span": [
        152,
        157
      ],
      "train_rows": 1963,
      "rows": 78,
      "indices": {
        "train_end_idx": 150,
        "val_start_idx": 151,
        "val_end_idx": 156
      },
      "metrics": {
        "mae": 5.683811051976235,
        "rmse": 9.419166455566936,
        "mape": 6.711798181259096,
        "smape": 6.332233121077738,
        "wmape": 3.740278868599012,
        "mase": 1.2637733742171315,
        "r2": 0.9947984698031141,
        "adjusted_r2": null,
        "nse": 0.9947984698031141,
        "kge": 0.9905958338309984,
        "pbias": -0.8971592084501637,
        "index_of_agreement": 0.9986998305600199,
        "mean_bias_error": 1.3633431098364386,
        "correlation": 0.9974575633764919
      },
      "lag_pairs": 65
    },
    {
      "fold": 3,
      "train_span": [
        1,
        157
      ],
      "val_span": [
        158,
        163
      ],
      "train_rows": 2041,
      "rows": 78,
      "indices": {
        "train_end_idx": 156,
        "val_start_idx": 157,
        "val_end_idx": 162
      },
      "metrics": {
        "mae": 6.669576373104474,
        "rmse": 11.122238935984624,
        "mape": 4.582429026549919,
        "smape": 4.805609680388898,
        "wmape": 4.361313583050079,
        "mase": 1.4725023432651252,
        "r2": 0.9928304705055365,
        "adjusted_r2": null,
        "nse": 0.9928304705055365,
        "kge": 0.993751411010878,
        "pbias": 0.4131909653670584,
        "index_of_agreement": 0.9982099017610084,
        "mean_bias_error": -0.6318758437601476,
        "correlation": 0.9964423217078711
      },
      "lag_pairs": 65
    },
    {
      "fold": 4,
      "train_span": [
        1,
        163
      ],
      "val_span": [
        164,
        169
      ],
      "train_rows": 2119,
      "rows": 78,
      "indices": {
        "train_end_idx": 162,
        "val_start_idx": 163,
        "val_end_idx": 168
      },
      "metrics": {
        "mae": 4.384959659562621,
        "rmse": 8.479721966958037,
        "mape": 3.991845115034238,
        "smape": 4.501122653110933,
        "wmape": 2.8699198717410144,
        "mase": 0.9229453638206988,
        "r2": 0.9957037237816942,
        "adjusted_r2": null,
        "nse": 0.9957037237816942,
        "kge": 0.9841530572282555,
        "pbias": -0.0860797592389289,
        "index_of_agreement": 0.9989415402109473,
        "mean_bias_error": 0.1315215367105651,
        "correlation": 0.9980068715090161
      },
      "lag_pairs": 65
    },
    {
      "fold": 5,
      "train_span": [
        1,
        169
      ],
      "val_span": [
        170,
        175
      ],
      "train_rows": 2197,
      "rows": 78,
      "indices": {
        "train_end_idx": 168,
        "val_start_idx": 169,
        "val_end_idx": 174
      },
      "metrics": {
        "mae": 5.266921755318555,
        "rmse": 9.141513384349208,
        "mape": 5.286469869855601,
        "smape": 4.561773552745727,
        "wmape": 3.4196676260107415,
        "mase": 1.0988311044491834,
        "r2": 0.9950965345472106,
        "adjusted_r2": null,
        "nse": 0.9950965345472106,
        "kge": 0.9891025690977314,
        "pbias": -0.9254874525344504,
        "index_of_agreement": 0.9987662553298217,
        "mean_bias_error": 1.4254221553439164,
        "correlation": 0.9976090586355221
      },
      "lag_pairs": 65
    },
    {
      "fold": 6,
      "train_span": [
        1,
        175
      ],
      "val_span": [
        176,
        181
      ],
      "train_rows": 2275,
      "rows": 78,
      "indices": {
        "train_end_idx": 174,
        "val_start_idx": 175,
        "val_end_idx": 180
      },
      "metrics": {
        "mae": 2.9322829296132125,
        "rmse": 5.376835204206652,
        "mape": 2.9149826338688314,
        "smape": 2.8129784425472306,
        "wmape": 1.9274715055121807,
        "mase": 0.5878370759464315,
        "r2": 0.9982685301158855,
        "adjusted_r2": null,
        "nse": 0.9982685301158855,
        "kge": 0.9976354973026361,
        "pbias": -0.21784929216670149,
        "index_of_agreement": 0.9995670844340949,
        "mean_bias_error": 0.3314164483479588,
        "correlation": 0.9991378794001411
      },
      "lag_pairs": 65
    }
  ],
  "aggregate": {
    "mae": 6.452408228077713,
    "rmse": 11.338463879591185,
    "mape": 6.1269365633702755,
    "smape": 6.645901830693336,
    "wmape": 4.217988097644827,
    "mase": 1.4311233971815962,
    "r2": 0.9903360679336122,
    "nse": 0.9903360679336122,
    "kge": 0.9786522640992555,
    "pbias": 0.9797594248551289,
    "index_of_agreement": 0.9975319106616124,
    "mean_bias_error": -1.502587324155935,
    "correlation": 0.9958841744800571
  },
  "conformal_profile": {
    "enabled": true,
    "method": "wcp_exp",
    "alpha": 0.1,
    "target_coverage": 0.9,
    "per_horizon": true,
    "exp_decay": 0.97,
    "min_samples": 30,
    "global_eps": 10.322848698437497,
    "global_samples": 468,
    "eps_by_horizon": {
      "1": 14.486016092578097,
      "2": 12.068548663476577,
      "3": 16.857420334375007,
      "4": 9.509810778710936,
      "5": 18.02251236757813,
      "6": 18.00072081640627
    },
    "samples_by_horizon": {
      "1": 78,
      "2": 78,
      "3": 78,
      "4": 78,
      "5": 78,
      "6": 78
    },
    "source_by_horizon": {
      "1": "per_horizon",
      "2": "per_horizon",
      "3": "per_horizon",
      "4": "per_horizon",
      "5": "per_horizon",
      "6": "per_horizon"
    }
  }
}