{
  "folds": [
    {
      "fold": 1,
      "train_span": [
        1,
        145
      ],
      "val_span": [
        146,
        151
      ],
      "train_rows": 1885,
      "rows": 78,
      "indices": {
        "train_end_idx": 144,
        "val_start_idx": 145,
        "val_end_idx": 150
      },
      "metrics": {
        "mae": 37.10815032560694,
        "rmse": 79.13951914341986,
        "mape": 16.546518171688696,
        "smape": 21.456149363657083,
        "wmape": 24.212667960956708,
        "mase": 8.729250524818337,
        "r2": 0.6378749974979774,
        "adjusted_r2": null,
        "nse": 0.6378749974979774,
        "kge": 0.7047342592274002,
        "pbias": 19.445563468151935,
        "index_of_agreement": 0.8948174267517163,
        "mean_bias_error": -29.802122323152727,
        "correlation": 0.8305932794330619
      },
      "lag_pairs": 65
    },
    {
      "fold": 2,
      "train_span": [
        1,
        151
      ],
      "val_span": [
        152,
        157
      ],
      "train_rows": 1963,
      "rows": 78,
      "indices": {
        "train_end_idx": 150,
        "val_start_idx": 151,
        "val_end_idx": 156
      },
      "metrics": {
        "mae": 25.174414891874477,
        "rmse": 49.94237726560001,
        "mape": 14.632872207188688,
        "smape": 19.42277630478545,
        "wmape": 16.56623191523645,
        "mase": 5.597433651631394,
        "r2": 0.8537672650920126,
        "adjusted_r2": null,
        "nse": 0.8537672650920126,
        "kge": 0.8073496925396018,
        "pbias": 14.545819556054765,
        "index_of_agreement": 0.9585814763851471,
        "mean_bias_error": -22.104151283169905,
        "correlation": 0.940830354297031
      },
      "lag_pairs": 65
    },
    {
      "fold": 3,
      "train_span": [
        1,
        157
      ],
      "val_span": [
        158,
        163
      ],
      "train_rows": 2041,
      "rows": 78,
      "indices": {
        "train_end_idx": 156,
        "val_start_idx": 157,
        "val_end_idx": 162
      },
      "metrics": {
        "mae": 5.243460082419973,
        "rmse": 10.337122722588873,
        "mape": 4.406809871723125,
        "smape": 4.593505984964857,
        "wmape": 3.428759549385687,
        "mase": 1.1576458272996244,
        "r2": 0.9938069361311703,
        "adjusted_r2": null,
        "nse": 0.9938069361311703,
        "kge": 0.9595778586556819,
        "pbias": 2.9099270324505,
        "index_of_agreement": 0.9984062297559326,
        "mean_bias_error": -4.450030985737311,
        "correlation": 0.9978071768209239
      },
      "lag_pairs": 65
    },
    {
      "fold": 4,
      "train_span": [
        1,
        163
      ],
      "val_span": [
        164,
        169
      ],
      "train_rows": 2119,
      "rows": 78,
      "indices": {
        "train_end_idx": 162,
        "val_start_idx": 163,
        "val_end_idx": 168
      },
      "metrics": {
        "mae": 7.815888932403193,
        "rmse": 18.142690720416397,
        "mape": 6.152111979314876,
        "smape": 7.818691037829352,
        "wmape": 5.115434736898348,
        "mase": 1.645086617517153,
        "r2": 0.9803332605514339,
        "adjusted_r2": null,
        "nse": 0.9803332605514339,
        "kge": 0.9634875890027038,
        "pbias": 3.5381841198171635,
        "index_of_agreement": 0.9950687437515625,
        "mean_bias_error": -5.406002720240204,
        "correlation": 0.9910500357588523
      },
      "lag_pairs": 65
    },
    {
      "fold": 5,
      "train_span": [
        1,
        169
      ],
      "val_span": [
        170,
        175
      ],
      "train_rows": 2197,
      "rows": 78,
      "indices": {
        "train_end_idx": 168,
        "val_start_idx": 169,
        "val_end_idx": 174
      },
      "metrics": {
        "mae": 7.391261371871132,
        "rmse": 11.461281251025031,
        "mape": 6.984448306506345,
        "smape": 6.436769192534888,
        "wmape": 4.798942988520384,
        "mase": 1.5420293434821535,
        "r2": 0.9922921498874195,
        "adjusted_r2": null,
        "nse": 0.9922921498874195,
        "kge": 0.9920849874797358,
        "pbias": -0.4405207103743776,
        "index_of_agreement": 0.998059089133147,
        "mean_bias_error": 0.6784835156175221,
        "correlation": 0.9961532869935523
      },
      "lag_pairs": 65
    },
    {
      "fold": 6,
      "train_span": [
        1,
        175
      ],
      "val_span": [
        176,
        181
      ],
      "train_rows": 2275,
      "rows": 78,
      "indices": {
        "train_end_idx": 174,
        "val_start_idx": 175,
        "val_end_idx": 180
      },
      "metrics": {
        "mae": 4.9446225330244955,
        "rmse": 8.35226351011102,
        "mape": 3.850976971795941,
        "smape": 3.7599466477805,
        "wmape": 3.2502385570192334,
        "mase": 0.9912523863634676,
        "r2": 0.9958219862425103,
        "adjusted_r2": null,
        "nse": 0.9958219862425103,
        "kge": 0.9760135188749126,
        "pbias": 1.4239435610483353,
        "index_of_agreement": 0.9989342476202092,
        "mean_bias_error": -2.1662605049433226,
        "correlation": 0.998201634385759
      },
      "lag_pairs": 65
    }
  ],
  "aggregate": {
    "mae": 14.612966356200037,
    "rmse": 29.56254243552687,
    "mape": 8.762289584702946,
    "smape": 10.581306421925357,
    "wmape": 9.562045951336136,
    "mase": 3.277116391852021,
    "r2": 0.9089827659004208,
    "nse": 0.9089827659004208,
    "kge": 0.900541317630006,
    "pbias": 6.90381950452472,
    "index_of_agreement": 0.973977868899619,
    "mean_bias_error": -10.541680716937659,
    "correlation": 0.9591059612815299
  },
  "conformal_profile": {
    "enabled": true,
    "method": "wcp_exp",
    "alpha": 0.1,
    "target_coverage": 0.9,
    "per_horizon": true,
    "exp_decay": 0.97,
    "min_samples": 30,
    "global_eps": 18.310061962109387,
    "global_samples": 468,
    "eps_by_horizon": {
      "1": 18.848717508593722,
      "2": 18.650221000976558,
      "3": 20.29406396874998,
      "4": 17.6831226659082,
      "5": 25.870271631250006,
      "6": 23.696204058984378
    },
    "samples_by_horizon": {
      "1": 78,
      "2": 78,
      "3": 78,
      "4": 78,
      "5": 78,
      "6": 78
    },
    "source_by_horizon": {
      "1": "per_horizon",
      "2": "per_horizon",
      "3": "per_horizon",
      "4": "per_horizon",
      "5": "per_horizon",
      "6": "per_horizon"
    }
  }
}