{
  "folds": [
    {
      "fold": 1,
      "train_span": [
        1,
        145
      ],
      "val_span": [
        146,
        151
      ],
      "train_rows": 1885,
      "rows": 78,
      "indices": {
        "train_end_idx": 144,
        "val_start_idx": 145,
        "val_end_idx": 150
      },
      "metrics": {
        "mae": 52.5174977432313,
        "rmse": 106.058111475253,
        "mape": 25.15202868721823,
        "smape": 31.28746015442094,
        "wmape": 34.26710099639963,
        "mase": 12.35411602881474,
        "r2": 0.34963153345481346,
        "adjusted_r2": null,
        "nse": 0.34963153345481346,
        "kge": 0.5865991627949643,
        "pbias": 25.686764616986302,
        "index_of_agreement": 0.8177879284382017,
        "mean_bias_error": -39.36733962249181,
        "correlation": 0.6931616748000116
      },
      "lag_pairs": 65
    },
    {
      "fold": 2,
      "train_span": [
        1,
        151
      ],
      "val_span": [
        152,
        157
      ],
      "train_rows": 1963,
      "rows": 78,
      "indices": {
        "train_end_idx": 150,
        "val_start_idx": 151,
        "val_end_idx": 156
      },
      "metrics": {
        "mae": 34.3875186870959,
        "rmse": 67.47827368265273,
        "mape": 18.72236920978077,
        "smape": 25.303182456331907,
        "wmape": 22.62899106123139,
        "mase": 7.645931598488955,
        "r2": 0.7330474294256847,
        "adjusted_r2": null,
        "nse": 0.7330474294256847,
        "kge": 0.7408653052207819,
        "pbias": 19.53330925806455,
        "index_of_agreement": 0.9230437270622541,
        "mean_bias_error": -29.68325168872846,
        "correlation": 0.8859213946758582
      },
      "lag_pairs": 65
    },
    {
      "fold": 3,
      "train_span": [
        1,
        157
      ],
      "val_span": [
        158,
        163
      ],
      "train_rows": 2041,
      "rows": 78,
      "indices": {
        "train_end_idx": 156,
        "val_start_idx": 157,
        "val_end_idx": 162
      },
      "metrics": {
        "mae": 7.789921452028199,
        "rmse": 13.168365605223398,
        "mape": 6.105477538244653,
        "smape": 6.580166060531447,
        "wmape": 5.093920264055668,
        "mase": 1.7198509995655928,
        "r2": 0.9899499096546557,
        "adjusted_r2": null,
        "nse": 0.9899499096546557,
        "kge": 0.9433121707490482,
        "pbias": 4.299653787733447,
        "index_of_agreement": 0.9973899931285183,
        "mean_bias_error": -6.575282599867771,
        "correlation": 0.9967868081544176
      },
      "lag_pairs": 65
    },
    {
      "fold": 4,
      "train_span": [
        1,
        163
      ],
      "val_span": [
        164,
        169
      ],
      "train_rows": 2119,
      "rows": 78,
      "indices": {
        "train_end_idx": 162,
        "val_start_idx": 163,
        "val_end_idx": 168
      },
      "metrics": {
        "mae": 11.064150362906418,
        "rmse": 25.229399832059514,
        "mape": 8.15191209742094,
        "smape": 10.329213300548169,
        "wmape": 7.241395008318713,
        "mase": 2.328779983138577,
        "r2": 0.9619685565772264,
        "adjusted_r2": null,
        "nse": 0.9619685565772264,
        "kge": 0.9420498472159542,
        "pbias": 5.5296272261830595,
        "index_of_agreement": 0.9903858347846944,
        "mean_bias_error": -8.448734948311467,
        "correlation": 0.9830610691584983
      },
      "lag_pairs": 65
    },
    {
      "fold": 5,
      "train_span": [
        1,
        169
      ],
      "val_span": [
        170,
        175
      ],
      "train_rows": 2197,
      "rows": 78,
      "indices": {
        "train_end_idx": 168,
        "val_start_idx": 169,
        "val_end_idx": 174
      },
      "metrics": {
        "mae": 7.073714307005338,
        "rmse": 11.476484428965694,
        "mape": 7.215356319796375,
        "smape": 6.673349563967483,
        "wmape": 4.592768401559844,
        "mase": 1.4757799081931775,
        "r2": 0.9922716876833574,
        "adjusted_r2": null,
        "nse": 0.9922716876833574,
        "kge": 0.9884763435557076,
        "pbias": -0.3557235375372001,
        "index_of_agreement": 0.9980442815514311,
        "mean_bias_error": 0.5478801578500748,
        "correlation": 0.9961578987423684
      },
      "lag_pairs": 65
    },
    {
      "fold": 6,
      "train_span": [
        1,
        175
      ],
      "val_span": [
        176,
        181
      ],
      "train_rows": 2275,
      "rows": 78,
      "indices": {
        "train_end_idx": 174,
        "val_start_idx": 175,
        "val_end_idx": 180
      },
      "metrics": {
        "mae": 6.121040731220577,
        "rmse": 10.405064755416912,
        "mape": 5.075174048483045,
        "smape": 5.065763155889568,
        "wmape": 4.023531110984354,
        "mase": 1.2270898721442047,
        "r2": 0.9935158796794177,
        "adjusted_r2": null,
        "nse": 0.9935158796794177,
        "kge": 0.9826277515956929,
        "pbias": 1.1536639401071291,
        "index_of_agreement": 0.9983558532058884,
        "mean_bias_error": -1.755081239028504,
        "correlation": 0.9968904832441791
      },
      "lag_pairs": 65
    }
  ],
  "aggregate": {
    "mae": 19.825640547247954,
    "rmse": 38.96928329659521,
    "mape": 11.737052983490669,
    "smape": 14.20652244861492,
    "wmape": 12.9746178070916,
    "mase": 4.458591398390874,
    "r2": 0.8367308327458591,
    "nse": 0.8367308327458591,
    "kge": 0.8639884301886914,
    "pbias": 9.307882548589548,
    "index_of_agreement": 0.9541679363618313,
    "mean_bias_error": -14.213634990096324,
    "correlation": 0.9253298881292222
  },
  "conformal_profile": {
    "enabled": true,
    "method": "wcp_exp",
    "alpha": 0.1,
    "target_coverage": 0.9,
    "per_horizon": true,
    "exp_decay": 0.97,
    "min_samples": 30,
    "global_eps": 20.658498263671902,
    "global_samples": 468,
    "eps_by_horizon": {
      "1": 17.64091526308593,
      "2": 29.056113251171894,
      "3": 25.578155933203107,
      "4": 33.11766903984375,
      "5": 27.52959532734377,
      "6": 22.386617396484382
    },
    "samples_by_horizon": {
      "1": 78,
      "2": 78,
      "3": 78,
      "4": 78,
      "5": 78,
      "6": 78
    },
    "source_by_horizon": {
      "1": "per_horizon",
      "2": "per_horizon",
      "3": "per_horizon",
      "4": "per_horizon",
      "5": "per_horizon",
      "6": "per_horizon"
    }
  }
}