{
  "overall": {
    "mae": 4.205719306875804,
    "rmse": 6.962213116194759,
    "mape": 4.075127672243347,
    "smape": 3.8549850772907415,
    "wmape": 2.7488865319684606,
    "mase": 0.8395670187385633,
    "r2": 0.9971811183015666,
    "adjusted_r2": null,
    "nse": 0.9971811183015666,
    "kge": 0.9736137364421569,
    "pbias": 1.1442577327735568,
    "index_of_agreement": 0.9992778868914362,
    "mean_bias_error": -1.7506822427193942,
    "correlation": 0.9989365027834476
  },
  "by_well": {
    "14": {
      "mae": 0.21005183821602355,
      "rmse": 0.25979408920360747,
      "mape": 4.5155649198752945,
      "smape": 4.385114565426628,
      "wmape": 4.504447654535959,
      "mase": 0.1590368231132189,
      "r2": -9.788068331442865,
      "adjusted_r2": null,
      "nse": -9.788068331442865,
      "kge": -0.948763554745613,
      "pbias": -2.7298069681712605,
      "index_of_agreement": 0.26029474371872263,
      "mean_bias_error": 0.12729662227551275,
      "correlation": -0.02720449842284253
    },
    "22": {
      "mae": 2.025105154036455,
      "rmse": 2.2269580583412347,
      "mape": 1.996163651902608,
      "smape": 2.0205856647763607,
      "wmape": 1.9930982840010891,
      "mase": 2.1239460242370196,
      "r2": -5.663659841691788,
      "adjusted_r2": null,
      "nse": -5.663659841691788,
      "kge": 0.25639662747753444,
      "pbias": 1.9930982840010891,
      "index_of_agreement": 0.5494530790786982,
      "mean_bias_error": -2.025105154036455,
      "correlation": 0.81548864116974
    },
    "23": {
      "mae": 0.09340368066974898,
      "rmse": 0.12770043250521326,
      "mape": 7.252068974620421,
      "smape": 6.946633374420603,
      "wmape": 7.2013766736180775,
      "mase": 0.05035175338871505,
      "r2": -85.01553657356007,
      "adjusted_r2": null,
      "nse": -85.01553657356007,
      "kge": -6.635791634215467,
      "pbias": -3.4330377197582775,
      "index_of_agreement": 0.15005341279033646,
      "mean_bias_error": 0.044527369340118396,
      "correlation": -0.07539945271208642
    },
    "27": {
      "mae": 7.995907821093756,
      "rmse": 9.260031514268796,
      "mape": 2.933585686650317,
      "smape": 2.9844489472612774,
      "wmape": 3.009240423174368,
      "mase": 0.9851126264628486,
      "r2": 0.6602271779041031,
      "adjusted_r2": null,
      "nse": 0.6602271779041031,
      "kge": 0.689602285402054,
      "pbias": 2.4521752459520814,
      "index_of_agreement": 0.8857649315544477,
      "mean_bias_error": -6.51571974003907,
      "correlation": 0.9432130076850926
    },
    "3": {
      "mae": 6.520721232486977,
      "rmse": 7.4145125743091,
      "mape": 3.0226732649817083,
      "smape": 3.0393816724230844,
      "wmape": 3.051045619761909,
      "mase": 0.9554216615946275,
      "r2": 0.5437602275942632,
      "adjusted_r2": null,
      "nse": 0.5437602275942632,
      "kge": 0.5769327419804828,
      "pbias": 1.3037166736684491,
      "index_of_agreement": 0.8189866029573633,
      "mean_bias_error": -2.786314612955721,
      "correlation": 0.7981084807149605
    },
    "31": {
      "mae": 9.421424345963544,
      "rmse": 10.293679477881527,
      "mape": 2.678778680567891,
      "smape": 2.7177500666343666,
      "wmape": 2.6876504213353547,
      "mase": 0.8868813056739354,
      "r2": 0.641595482057347,
      "adjusted_r2": null,
      "nse": 0.641595482057347,
      "kge": 0.8754850205604976,
      "pbias": 2.192651899674884,
      "index_of_agreement": 0.9030796326135416,
      "mean_bias_error": -7.686231745703121,
      "correlation": 0.9173253627825101
    },
    "33": {
      "mae": 1.3982139951822887,
      "rmse": 1.6857483167212448,
      "mape": 0.38728665171584215,
      "smape": 0.3873913722770558,
      "wmape": 0.38721720095410483,
      "mase": 0.4347803119360231,
      "r2": 0.5192719525702091,
      "adjusted_r2": null,
      "nse": 0.5192719525702091,
      "kge": 0.6824907731737343,
      "pbias": 0.07010160522045668,
      "index_of_agreement": 0.8433271654845456,
      "mean_bias_error": -0.2531319509114572,
      "correlation": 0.7339672641683789
    },
    "35": {
      "mae": 1.0328701375553375,
      "rmse": 1.436520307183938,
      "mape": 1.2855514972063347,
      "smape": 1.2891730380049518,
      "wmape": 1.285036153158399,
      "mase": 2.079925436147149,
      "r2": -1205.0099141073063,
      "adjusted_r2": null,
      "nse": -1205.0099141073063,
      "kge": -32.29755247503538,
      "pbias": 0.36881261226985523,
      "index_of_agreement": 0.05618348334364631,
      "mean_bias_error": -0.2964395457910148,
      "correlation": 0.3236736018834477
    },
    "38": {
      "mae": 0.37276575131510487,
      "rmse": 0.5947109217324639,
      "mape": 0.5722428725353594,
      "smape": 0.5692687338101553,
      "wmape": 0.5730777793572253,
      "mase": 0.8737786136098122,
      "r2": -17.22023716128,
      "adjusted_r2": null,
      "nse": -17.22023716128,
      "kge": -2.590683074346744,
      "pbias": -0.13183881209439863,
      "index_of_agreement": 0.3373183024476323,
      "mean_bias_error": 0.08575623695963468,
      "correlation": 0.41815345450955776
    },
    "40": {
      "mae": 12.679746495898437,
      "rmse": 15.945345599581627,
      "mape": 3.5534102342257143,
      "smape": 3.641077875082268,
      "wmape": 3.721134931307653,
      "mase": 1.0905381187357206,
      "r2": 0.5572442256247738,
      "adjusted_r2": null,
      "nse": 0.5572442256247738,
      "kge": 0.524491685419623,
      "pbias": 2.920875393280244,
      "index_of_agreement": 0.8199246866667714,
      "mean_bias_error": -9.952866589518228,
      "correlation": 0.9554652699513123
    },
    "45": {
      "mae": 6.349184121551108,
      "rmse": 7.891615278617929,
      "mape": 18.937171459978043,
      "smape": 16.37074511689179,
      "wmape": 17.667114433792484,
      "mase": 2.6205998841997995,
      "r2": -2.4999653319257877,
      "adjusted_r2": null,
      "nse": -2.4999653319257877,
      "kge": 0.354609312207098,
      "pbias": -17.453108478669932,
      "index_of_agreement": 0.5468315850285548,
      "mean_bias_error": 6.272274945620118,
      "correlation": 0.3798224270463215
    },
    "48": {
      "mae": 6.211748062988282,
      "rmse": 7.514579616979131,
      "mape": 4.885183967095248,
      "smape": 4.801838473839685,
      "wmape": 4.768914075836056,
      "mase": 0.9325989708650952,
      "r2": 0.6940388397296986,
      "adjusted_r2": null,
      "nse": 0.6940388397296986,
      "kge": 0.6366446101418821,
      "pbias": -0.3516550551122036,
      "index_of_agreement": 0.8825344670946589,
      "mean_bias_error": 0.458048220768229,
      "correlation": 0.8546167146097584
    },
    "50": {
      "mae": 0.36320835242838356,
      "rmse": 0.3944935824451936,
      "mape": 0.9569778778087252,
      "smape": 0.961397103931415,
      "wmape": 0.956781577189386,
      "mase": 0.9904334663641516,
      "r2": -235.2334029396698,
      "adjusted_r2": null,
      "nse": -235.2334029396698,
      "kge": -11.050490101656408,
      "pbias": 0.608414823505379,
      "index_of_agreement": 0.15454520733677035,
      "mean_bias_error": -0.23096321136067743,
      "correlation": 0.6091084089974315
    }
  },
  "observations": 78,
  "reservoir": {
    "decline_peak_production_error_pct": 1.7917483010215673,
    "decline_peak_time_error_months": null,
    "decline_decline_rate_true": -0.02904132025634941,
    "decline_decline_rate_pred": -0.030924417873403203,
    "decline_decline_rate_error_pct": -6.484201356114651,
    "decline_cumulative_error_pct": 1.1442538279834784,
    "decline_plateau_duration_true": null,
    "decline_plateau_duration_pred": null,
    "decline_plateau_duration_error": null,
    "reliability_direction_accuracy": 0.8205128205128205,
    "reliability_picp": 0.9871794871794872,
    "reliability_picp_deviation_from_target": 0.0871794871794872,
    "reliability_mpiw": 51.76968873704428,
    "reliability_interval_sharpness": 0.1388594659812345,