{
  "overall": {
    "mae": 1.6089868209843026,
    "rmse": 2.855185008120355,
    "mape": 2.451565775367641,
    "smape": 2.4448735208346672,
    "wmape": 1.0516446485355302,
    "mase": 0.3211941097150639,
    "r2": 0.999525920983722,
    "adjusted_r2": null,
    "nse": 0.999525920983722,
    "kge": 0.9931111282424627,
    "pbias": 0.5058918620817187,
    "index_of_agreement": 0.9998809132422092,
    "mean_bias_error": -0.7740003622575308,
    "correlation": 0.9997903099453018
  },
  "by_well": {
    "14": {
      "mae": 0.22870041497469082,
      "rmse": 0.243527156824595,
      "mape": 4.911978925142485,
      "smape": 4.7790017176440545,
      "wmape": 4.904356260689754,
      "mase": 0.17315624443545138,
      "r2": -8.479380448529405,
      "adjusted_r2": null,
      "nse": -8.479380448529405,
      "kge": 0.5012275726989086,
      "pbias": -4.904356260689754,
      "index_of_agreement": 0.4236640993146561,
      "mean_bias_error": 0.22870041497469082,
      "correlation": 0.6032389295518463
    },
    "22": {
      "mae": 0.1801213769531221,
      "rmse": 0.25281146185906445,
      "mape": 0.17833508446422844,
      "smape": 0.17807536199520968,
      "wmape": 0.17727455120126487,
      "mase": 0.18891270001320357,
      "r2": 0.9141219323234515,
      "adjusted_r2": null,
      "nse": 0.9141219323234515,
      "kge": 0.78998346652426,
      "pbias": -0.07871550251349016,
      "index_of_agreement": 0.9730187016735844,
      "mean_bias_error": 0.07997958310547186,
      "correlation": 0.9787447305799508
    },
    "23": {
      "mae": 0.03353325433328247,
      "rmse": 0.03737896996300687,
      "mape": 2.5920069870614415,
      "smape": 2.633553454927078,
      "wmape": 2.5853969973627984,
      "mase": 0.018076998041227588,
      "r2": -6.369649368534195,
      "adjusted_r2": null,
      "nse": -6.369649368534195,
      "kge": -0.3168275369661009,
      "pbias": 2.3086692167279117,
      "index_of_agreement": 0.521097841464378,
      "mean_bias_error": -0.029944024880869557,
      "correlation": 0.7936736449509938
    },
    "27": {
      "mae": 2.601530556347664,
      "rmse": 3.353815644898513,
      "mape": 0.9967604604930844,
      "smape": 1.0037514866281712,
      "wmape": 0.9790796851899949,
      "mase": 0.3205140249899027,
      "r2": 0.9554300568056245,
      "adjusted_r2": null,
      "nse": 0.9554300568056245,
      "kge": 0.980014356559711,
      "pbias": 0.69279805214552,
      "index_of_agreement": 0.9889544249985583,
      "mean_bias_error": -1.8408463879882884,
      "correlation": 0.9846519760213934
    },
    "3": {
      "mae": 1.828104451888019,
      "rmse": 2.3735676198462894,
      "mape": 0.8658609878626772,
      "smape": 0.8712380569298158,
      "wmape": 0.8553701165159149,
      "mase": 0.2678554305142771,
      "r2": 0.9532446677738632,
      "adjusted_r2": null,
      "nse": 0.9532446677738632,
      "kge": 0.9781971640762104,
      "pbias": 0.5443168008811733,
      "index_of_agreement": 0.988165875505,
      "mean_bias_error": -1.163318600585929,
      "correlation": 0.9821001973469221
    },
    "31": {
      "mae": 2.5351482596354153,
      "rmse": 3.1193501458744564,
      "mape": 0.7353496623993476,
      "smape": 0.7386685392677256,
      "wmape": 0.7232019318900426,
      "mase": 0.23864497723698672,
      "r2": 0.9670875322130754,
      "adjusted_r2": null,
      "nse": 0.9670875322130754,
      "kge": 0.983679345866056,
      "pbias": 0.4980976304454266,
      "index_of_agreement": 0.9918380045382666,
      "mean_bias_error": -1.7460563713541621,
      "correlation": 0.9888795207554056
    },
    "33": {
      "mae": 0.7748938624999937,
      "rmse": 0.9349224777341177,
      "mape": 0.2137431735998074,
      "smape": 0.21407238432447673,
      "wmape": 0.21459678812229596,
      "mase": 0.24095638894755408,
      "r2": 0.8521350657350591,
      "adjusted_r2": null,
      "nse": 0.8521350657350591,
      "kge": 0.7825987819214358,
      "pbias": 0.19420546703526204,
      "index_of_agreement": 0.9547420296513507,
      "mean_bias_error": -0.7012622406249989,
      "correlation": 0.9887978968436312
    },
    "35": {
      "mae": 0.09517854706380291,
      "rmse": 0.1210635692313919,
      "mape": 0.11841287922430696,
      "smape": 0.11829960339796136,
      "wmape": 0.11841553892879599,
      "mase": 0.19166425072767287,
      "r2": -7.565530898520121,
      "adjusted_r2": null,
      "nse": -7.565530898520121,
      "kge": -0.21378787722339343,
      "pbias": -0.11841553892879599,
      "index_of_agreement": 0.39447139165716616,
      "mean_bias_error": 0.09517854706380291,
      "correlation": 0.5206516875499445
    },
    "38": {
      "mae": 0.06678398986653633,
      "rmse": 0.07236263368660245,
      "mape": 0.10268563261865672,
      "smape": 0.10263178611455441,
      "wmape": 0.10267150475682457,
      "mase": 0.15654448368993518,
      "r2": 0.7302441157349326,
      "adjusted_r2": null,
      "nse": 0.7302441157349326,
      "kge": 0.892295094965507,
      "pbias": -0.07952080613075532,
      "index_of_agreement": 0.9268220786491596,
      "mean_bias_error": 0.051725322652994045,
      "correlation": 0.9318299523405993
    },
    "40": {
      "mae": 3.754127571875008,
      "rmse": 4.375309796546345,
      "mape": 1.1180800747095785,
      "smape": 1.1251488993503664,
      "wmape": 1.1017266984642062,
      "mase": 0.32287863334261274,
      "r2": 0.966663962297148,
      "adjusted_r2": null,
      "nse": 0.966663962297148,
      "kge": 0.9849999670623668,
      "pbias": 0.7909718345708979,
      "index_of_agreement": 0.9915872503458943,
      "mean_bias_error": -2.695232108723957,
      "correlation": 0.9896074966842292
    },
    "45": {
      "mae": 6.0758405064013665,
      "rmse": 6.871532083810259,
      "mape": 17.79411467393778,
      "smape": 17.78435225551911,
      "wmape": 16.906513884785685,
      "mase": 2.5077784204503484,
      "r2": -1.653622188079011,
      "adjusted_r2": null,
      "nse": -1.653622188079011,
      "kge": -0.04582474669230052,
      "pbias": 6.437746545513212,
      "index_of_agreement": 0.38405173401639225,
      "mean_bias_error": -2.3135888035660805,
      "correlation": -0.03600678488317525
    },
    "48": {
      "mae": 2.718512675895184,
      "rmse": 3.4618246944458764,
      "mape": 2.178860504210476,
      "smape": 2.1704205654082873,
      "wmape": 2.087070054025747,
      "mase": 0.4081431020890306,
      "r2": 0.9350667617270486,
      "adjusted_r2": null,
      "nse": 0.9350667617270486,
      "kge": 0.9673400519200048,
      "pbias": 0.03968619440745052,
      "index_of_agreement": 0.9835807320979133,
      "mean_bias_error": -0.051693244482422074,
      "correlation": 0.9677104166838413
    },
    "50": {
      "mae": 0.02435320506184861,
      "rmse": 0.026501941122338075,
      "mape": 0.0641660340554706,
      "smape": 0.06414165934386873,
      "wmape": 0.06415242874483845,
      "mase": 0.06640879579232607,
      "r2": -0.06614626661766976,
      "adjusted_r2": null,
      "nse": -0.06614626661766976,
      "kge": 0.7461997966802998,
      "pbias": -0.06415242874483845,
      "index_of_agreement": 0.7493085008477597,
      "mean_bias_error": 0.02435320506184861,
      "correlation": 0.9296359944722664
    }
  },
  "observations": 78,
  "reservoir": {
    "decline_peak_production_error_pct": 0.3437741829872218,
    "decline_peak_time_error_months": null,
    "decline_decline_rate_true": -0.02904132025634941,
    "decline_decline_rate_pred": -0.02461824257662315,
    "decline_decline_rate_error_pct": -15.230291849634982,
    "decline_cumulative_error_pct": 0.5058841533927372,
    "decline_plateau_duration_true": null,
    "decline_plateau_duration_pred": null,
    "decline_plateau_duration_error": null,
    "reliability_direction_accuracy": 0.7948717948717948,
    "reliability_picp": 0.9871794871794872,
    "reliability_picp_deviation_from_target": 0.0871794871794872,
    "reliability_mpiw": 29.648343017708346,