{
  "overall": {
    "mae": 1.3623546772853627,
    "rmse": 2.6134156613061186,
    "mape": 2.3370976079413457,
    "smape": 2.3999155846841314,
    "wmape": 0.8904442143895461,
    "mase": 0.2719601503131854,
    "r2": 0.9996028091798874,
    "adjusted_r2": null,
    "nse": 0.9996028091798874,
    "kge": 0.9958151538507339,
    "pbias": 0.38775688392942753,
    "index_of_agreement": 0.9999005381403919,
    "mean_bias_error": -0.593257158544187,
    "correlation": 0.9998125663734619
  },
  "by_well": {
    "14": {
      "mae": 0.2363418893806153,
      "rmse": 0.2529016196967638,
      "mape": 5.076240830866782,
      "smape": 4.9327751842305725,
      "wmape": 5.068223531537267,
      "mase": 0.17894184395098323,
      "r2": -9.223235811730035,
      "adjusted_r2": null,
      "nse": -9.223235811730035,
      "kge": 0.43875788586572906,
      "pbias": -5.068223531537266,
      "index_of_agreement": 0.41241799233492693,
      "mean_bias_error": 0.2363418893806153,
      "correlation": 0.5695748966330583
    },
    "22": {
      "mae": 0.1887375982259106,
      "rmse": 0.22629930764055428,
      "mape": 0.18631897205469183,
      "smape": 0.18609343895714694,
      "wmape": 0.185754592743374,
      "mase": 0.19794945984753073,
      "r2": 0.9311894237941503,
      "adjusted_r2": null,
      "nse": 0.9311894237941503,
      "kge": 0.9033569021073993,
      "pbias": -0.13831919782497187,
      "index_of_agreement": 0.9810061933248003,
      "mean_bias_error": 0.14054044532877916,
      "correlation": 0.9816209018181842
    },
    "23": {
      "mae": 0.025222747279785167,
      "rmse": 0.03125474916644301,
      "mape": 1.950384623167926,
      "smape": 1.977234461442026,
      "wmape": 1.9446610947531608,
      "mase": 0.013596996839000898,
      "r2": -4.152573578609668,
      "adjusted_r2": null,
      "nse": -4.152573578609668,
      "kge": -0.44241498781186284,
      "pbias": 1.3506646726634193,
      "index_of_agreement": 0.5660250000064442,
      "mean_bias_error": -0.01751846313490805,
      "correlation": 0.6760874274884824
    },
    "27": {
      "mae": 2.1541176387369867,
      "rmse": 2.6824392017002308,
      "mape": 0.817279703333659,
      "smape": 0.8209491340537028,
      "wmape": 0.8106969239514764,
      "mase": 0.26539181444889,
      "r2": 0.9714882757154231,
      "adjusted_r2": null,
      "nse": 0.9714882757154231,
      "kge": 0.9422391971248972,
      "pbias": 0.3412365426258817,
      "index_of_agreement": 0.9932378964114496,
      "mean_bias_error": -0.9067058647135487,
      "correlation": 0.9895722481578497
    },
    "3": {
      "mae": 1.5360043125650975,
      "rmse": 2.06562998412266,
      "mape": 0.724524308816384,
      "smape": 0.7288079809670348,
      "wmape": 0.7186964543797499,
      "mase": 0.22505666784466236,
      "r2": 0.9645894242611323,
      "adjusted_r2": null,
      "nse": 0.9645894242611323,
      "kge": 0.9662358323980061,
      "pbias": 0.4509262331866436,
      "index_of_agreement": 0.9914054010846931,
      "mean_bias_error": -0.9637234671223874,
      "correlation": 0.9870245061189602
    },
    "31": {
      "mae": 1.9320562087239637,
      "rmse": 2.3146811295132657,
      "mape": 0.5531905264072409,
      "smape": 0.5546151717126249,
      "wmape": 0.5511578178351847,
      "mase": 0.18187319349039466,
      "r2": 0.9818776490963816,
      "adjusted_r2": null,
      "nse": 0.9818776490963816,
      "kge": 0.9561583738085825,
      "pbias": 0.22386935150738893,
      "index_of_agreement": 0.9956472415679123,
      "mean_bias_error": -0.7847628329427039,
      "correlation": 0.993209573396202
    },
    "33": {
      "mae": 0.5620489562499907,
      "rmse": 0.7002199680175086,
      "mape": 0.1550659220268015,
      "smape": 0.15525066785146066,
      "wmape": 0.15565215652838887,
      "mase": 0.17477140220573198,
      "r2": 0.917056382187289,
      "adjusted_r2": null,
      "nse": 0.917056382187289,
      "kge": 0.8570677493516674,
      "pbias": 0.14437573676081358,
      "index_of_agreement": 0.9762619323522247,
      "mean_bias_error": -0.5213305999999989,
      "correlation": 0.990300263978041
    },
    "35": {
      "mae": 0.0853581932128904,
      "rmse": 0.10038113899544344,
      "mape": 0.10620915090219797,
      "smape": 0.10613153919792875,
      "wmape": 0.10619763342801392,
      "mase": 0.17188867292384252,
      "r2": -4.888864708616476,
      "adjusted_r2": null,
      "nse": -4.888864708616476,
      "kge": 0.22530011380354864,
      "pbias": -0.10151179228352375,
      "index_of_agreement": 0.37997949741667036,
      "mean_bias_error": 0.08159186696940186,
      "correlation": 0.31627507372726144
    },
    "38": {
      "mae": 0.06981158792968738,
      "rmse": 0.08071200422504778,
      "mape": 0.10735679692030929,
      "smape": 0.10730352986356813,
      "wmape": 0.10732603422659384,
      "mase": 0.1636413010044412,
      "r2": 0.6644026981240851,
      "adjusted_r2": null,
      "nse": 0.6644026981240851,
      "kge": 0.79645846343298,
      "pbias": -0.06745734482964398,
      "index_of_agreement": 0.8974678013720251,
      "mean_bias_error": 0.04387849037760342,
      "correlation": 0.8745274217932898
    },
    "40": {
      "mae": 2.458214781445321,
      "rmse": 3.0010912233212825,
      "mape": 0.7304522744363302,
      "smape": 0.7342361478187721,
      "wmape": 0.7214141777086723,
      "mase": 0.21142196526349177,
      "r2": 0.9843160750936231,
      "adjusted_r2": null,
      "nse": 0.9843160750936231,
      "kge": 0.9634731509504976,
      "pbias": 0.5086766840555741,
      "index_of_agreement": 0.9962124862672679,
      "mean_bias_error": -1.733312959960936,
      "correlation": 0.9955770996505732
    },
    "45": {
      "mae": 6.439767393913574,
      "rmse": 7.545939941507935,
      "mape": 18.34288050814903,
      "smape": 19.260266473688233,
      "wmape": 17.919169659783332,
      "mase": 2.6579877608968645,
      "r2": -2.2000636842639043,
      "adjusted_r2": null,
      "nse": -2.2000636842639043,
      "kge": -0.14438148944769513,
      "pbias": 9.019191488472517,
      "index_of_agreement": 0.2505251141340402,
      "mean_bias_error": -3.241305058754069,
      "correlation": -0.13172132327460268
    },
    "48": {
      "mae": 2.001355298942054,
      "rmse": 2.323327777395794,
      "mape": 1.5755234161771108,
      "smape": 1.5784152570622652,
      "wmape": 1.5364904305668785,
      "mase": 0.30047288995021904,
      "r2": 0.9707532314325004,
      "adjusted_r2": null,
      "nse": 0.9707532314325004,
      "kge": 0.9393362797788745,
      "pbias": 0.05190642595350337,
      "index_of_agreement": 0.9930622829343339,
      "mean_bias_error": -0.06761070460612,
      "correlation": 0.9878760285263691
    },
    "50": {
      "mae": 0.021574198103840796,
      "rmse": 0.022935739365082218,
      "mape": 0.05684186997902758,
      "smape": 0.05682361404836567,
      "wmape": 0.056831829858480884,
      "mase": 0.05883071705028368,
      "r2": 0.20147795483773379,
      "adjusted_r2": null,
      "nse": 0.20147795483773379,
      "kge": 0.805484341232372,
      "pbias": -0.056831829858480884,
      "index_of_agreement": 0.8064808162434854,
      "mean_bias_error": 0.021574198103840796,
      "correlation": 0.9657852463257061
    }
  },
  "observations": 78,
  "reservoir": {
    "decline_peak_production_error_pct": 0.24152064695958486,
    "decline_peak_time_error_months": null,
    "decline_decline_rate_true": -0.02904132025634941,
    "decline_decline_rate_pred": -0.025735715888507392,
    "decline_decline_rate_error_pct": -11.38241805981077,
    "decline_cumulative_error_pct": 0.38776816976188533,
    "decline_plateau_duration_true": null,
    "decline_plateau_duration_pred": null,
    "decline_plateau_duration_error": null,
    "reliability_direction_accuracy": 0.8333333333333334,
    "reliability_picp": 0.9871794871794872,
    "reliability_picp_deviation_from_target": 0.0871794871794872,
    "reliability_mpiw": 29.20966791393718,