{
  "overall": {
    "mae": 2.8255553986536888,
    "rmse": 4.427961410372463,
    "mape": 2.633085576190405,
    "smape": 2.5574750556835024,
    "wmape": 1.8468020840077581,
    "mase": 0.5640516994203635,
    "r2": 0.9988597767863134,
    "adjusted_r2": null,
    "nse": 0.9988597767863134,
    "kge": 0.9851644005888274,
    "pbias": 0.9277971274161687,
    "index_of_agreement": 0.999711561571059,
    "mean_bias_error": -1.4195035867282069,
    "correlation": 0.9995501823858172
  },
  "by_well": {
    "14": {
      "mae": 0.22977615960359707,
      "rmse": 0.27815092367483657,
      "mape": 4.9389653922221255,
      "smape": 4.766834342470977,
      "wmape": 4.927425020343136,
      "mase": 0.17397072437390548,
      "r2": -11.366482004493964,
      "adjusted_r2": null,
      "nse": -11.366482004493964,
      "kge": -0.2597514328306889,
      "pbias": -4.927425020343136,
      "index_of_agreement": 0.37048919183000384,
      "mean_bias_error": 0.22977615960359707,
      "correlation": 0.3175556519916295
    },
    "22": {
      "mae": 0.367846802392575,
      "rmse": 0.40327767902337563,
      "mape": 0.3612281640131531,
      "smape": 0.36201277012331384,
      "wmape": 0.36203296859059353,
      "mase": 0.3858005851759073,
      "r2": 0.781477020192692,
      "adjusted_r2": null,
      "nse": 0.781477020192692,
      "kge": 0.8973115387729592,
      "pbias": 0.3620329685905935,
      "index_of_agreement": 0.9418739136671455,
      "mean_bias_error": -0.367846802392575,
      "correlation": 0.9853105902399116
    },
    "23": {
      "mae": 0.03282867744920859,
      "rmse": 0.04064517334934435,
      "mape": 2.5390463704613184,
      "smape": 2.5757461883095165,
      "wmape": 2.5310744749380105,
      "mase": 0.017697177018588087,
      "r2": -7.713850944290268,
      "adjusted_r2": null,
      "nse": -7.713850944290268,
      "kge": -1.2034100896450646,
      "pbias": 1.1833843120848528,
      "index_of_agreement": 0.44748227259032824,
      "mean_bias_error": -0.015348794460439056,
      "correlation": 0.5542785020346491
    },
    "27": {
      "mae": 5.396352324739591,
      "rmse": 5.75583485087614,
      "mape": 2.019645773171164,
      "smape": 2.036996770403689,
      "wmape": 2.030904046999886,
      "mase": 0.6648419330096708,
      "r2": 0.86872550481121,
      "adjusted_r2": null,
      "nse": 0.86872550481121,
      "kge": 0.8390811332291899,
      "pbias": 1.2176465888664971,
      "index_of_agreement": 0.9612970812657184,
      "mean_bias_error": -3.235431043750007,
      "correlation": 0.9611777092665797
    },
    "3": {
      "mae": 4.730003153873696,
      "rmse": 5.090804368483779,
      "mape": 2.2211550571419396,
      "smape": 2.233859418333778,
      "wmape": 2.213168588190398,
      "mase": 0.6930441145232412,
      "r2": 0.7849196442836854,
      "adjusted_r2": null,
      "nse": 0.7849196442836854,
      "kge": 0.7896923852331155,
      "pbias": 0.8750855725257317,
      "index_of_agreement": 0.9331284095599905,
      "mean_bias_error": -1.8702404959309813,
      "correlation": 0.9072648071851859
    },
    "31": {
      "mae": 5.707138955598964,
      "rmse": 6.202759424915463,
      "mape": 1.6126940373808172,
      "smape": 1.6248958094013117,
      "wmape": 1.6280759527837876,
      "mase": 0.5372388147204865,
      "r2": 0.8698626173422757,
      "adjusted_r2": null,
      "nse": 0.8698626173422757,
      "kge": 0.8390098729036395,
      "pbias": 1.1117660729371655,
      "index_of_agreement": 0.9616598936629257,
      "mean_bias_error": -3.8972404533854124,
      "correlation": 0.9679599482626
    },
    "33": {
      "mae": 1.125042381380202,
      "rmse": 1.294423549291739,
      "mape": 0.31077880871469166,
      "smape": 0.31133005582084583,
      "wmape": 0.31156587144300996,
      "mase": 0.3498364908398441,
      "r2": 0.7165563038517553,
      "adjusted_r2": null,
      "nse": 0.7165563038517553,
      "kge": 0.6765701029387245,
      "pbias": 0.20515290777737571,
      "index_of_agreement": 0.9038560133882569,
      "mean_bias_error": -0.7407926768229155,
      "correlation": 0.9338760471160734
    },
    "35": {
      "mae": 0.43356212363932184,
      "rmse": 0.5471146700975675,
      "mape": 0.5395544006882208,
      "smape": 0.5418033487349542,
      "wmape": 0.5394124423379513,
      "mase": 0.8730786730283278,
      "r2": -173.93796023472413,
      "adjusted_r2": null,
      "nse": -173.93796023472413,
      "kge": -8.186713916536462,
      "pbias": 0.46482620961643617,
      "index_of_agreement": 0.1605406856133289,
      "mean_bias_error": -0.3736121430403638,
      "correlation": 0.5495172371736091
    },
    "38": {
      "mae": 0.18620490142903634,
      "rmse": 0.21779429094122665,
      "mape": 0.2863528429194158,
      "smape": 0.2869142254323605,
      "wmape": 0.2862652779658923,
      "mase": 0.4364721277209843,
      "r2": -1.4436284893770437,
      "adjusted_r2": null,
      "nse": -1.4436284893770437,
      "kge": 0.4828545291171922,
      "pbias": 0.27773436802265583,
      "index_of_agreement": 0.6956544416487316,
      "mean_bias_error": -0.18065586224283928,
      "correlation": 0.8229150260917913
    },
    "40": {
      "mae": 9.271400955533855,
      "rmse": 9.676204071452746,
      "mape": 2.6952439936871646,
      "smape": 2.724608550824598,
      "wmape": 2.720885150894464,
      "mase": 0.7973989195575034,
      "r2": 0.8369554077896874,
      "adjusted_r2": null,
      "nse": 0.8369554077896874,
      "kge": 0.8022999576963549,
      "pbias": 1.637457250688027,
      "index_of_agreement": 0.9498536489749696,
      "mean_bias_error": -5.579626436523436,
      "correlation": 0.9554509067983075
    },
    "45": {
      "mae": 4.041341973788248,
      "rmse": 5.711424473799251,
      "mape": 12.539602446344436,
      "smape": 11.564516134416191,
      "wmape": 11.245358419305534,
      "mase": 1.668047438185483,
      "r2": -0.8332462657483526,
      "adjusted_r2": null,
      "nse": -0.8332462657483526,
      "kge": 0.12249068434636567,
      "pbias": -0.25871027568785987,
      "index_of_agreement": 0.54297725143824,
      "mean_bias_error": 0.09297495528401711,
      "correlation": 0.12362443721119423
    },
    "48": {
      "mae": 5.15257831829427,
      "rmse": 5.371295790641581,
      "mape": 4.012651535251735,
      "smape": 4.064328336195744,
      "wmape": 3.9557630186856416,
      "mase": 0.7735808323545178,
      "r2": 0.8436798161835857,
      "adjusted_r2": null,
      "nse": 0.8436798161835857,
      "kge": 0.8621510194890465,
      "pbias": 1.9061649998523835,
      "index_of_agreement": 0.9547252337370081,
      "mean_bias_error": -2.4828748342447917,
      "correlation": 0.93846805905818
    },
    "50": {
      "mae": 0.05814345477538888,
      "rmse": 0.06880134092415675,
      "mape": 0.15319366847908022,
      "smape": 0.15332977341824935,
      "wmape": 0.15316439170876556,
      "mase": 0.15855148449795242,
      "r2": -6.185470754669828,
      "adjusted_r2": null,
      "nse": -6.185470754669828,
      "kge": -0.8809261906781345,
      "pbias": 0.08595083242901441,
      "index_of_agreement": 0.5549190699157656,
      "mean_bias_error": -0.03262819956054722,
      "correlation": 0.6166529428404276
    }
  },
  "observations": 78,
  "reservoir": {
    "decline_peak_production_error_pct": 2.008521444749288,
    "decline_peak_time_error_months": null,
    "decline_decline_rate_true": -0.02904132025634941,
    "decline_decline_rate_pred": -0.027929250931006844,
    "decline_decline_rate_error_pct": -3.8292658660795165,
    "decline_cumulative_error_pct": 0.9278169670265431,
    "decline_plateau_duration_true": null,
    "decline_plateau_duration_pred": null,
    "decline_plateau_duration_error": null,
    "reliability_direction_accuracy": 0.8205128205128205,
    "reliability_picp": 0.9871794871794872,
    "reliability_picp_deviation_from_target": 0.0871794871794872,
    "reliability_mpiw": 34.23936728677737,