{
  "overall": {
    "mae": 4.137335174447606,
    "rmse": 6.564894344896746,
    "mape": 3.6274521922856766,
    "smape": 3.4496537510372245,
    "wmape": 2.7041902013491304,
    "mase": 0.8259158313904437,
    "r2": 0.9974936731554068,
    "adjusted_r2": null,
    "nse": 0.9974936731554068,
    "kge": 0.9789738274979776,
    "pbias": 0.894452094691703,
    "index_of_agreement": 0.9993610273296278,
    "mean_bias_error": -1.3684866217546592,
    "correlation": 0.9989620773491138
  },
  "by_well": {
    "14": {
      "mae": 0.15728403027286766,
      "rmse": 0.20466141978290742,
      "mape": 3.3879409681514017,
      "smape": 3.312836949164636,
      "wmape": 3.372870655528194,
      "mase": 0.11908466364057775,
      "r2": -5.695100831944206,
      "adjusted_r2": null,
      "nse": -5.695100831944206,
      "kge": -0.5204080792740491,
      "pbias": -2.0447605854472526,
      "index_of_agreement": 0.418891157676763,
      "mean_bias_error": 0.09535147317171229,
      "correlation": 0.24581950938158828
    },
    "22": {
      "mae": 1.0508973828613246,
      "rmse": 1.2386174812406865,
      "mape": 1.030230555441603,
      "smape": 1.0308270984110661,
      "wmape": 1.0342879066142736,
      "mase": 1.1021893424943696,
      "r2": -1.0614041895009194,
      "adjusted_r2": null,
      "nse": -1.0614041895009194,
      "kge": 0.11373520153285732,
      "pbias": 0.3547394095531711,
      "index_of_agreement": 0.7230087553705787,
      "mean_bias_error": -0.36043611717122087,
      "correlation": 0.6672650949003313
    },
    "23": {
      "mae": 0.06822809453167726,
      "rmse": 0.07822866551755094,
      "mape": 5.290263548203677,
      "smape": 5.275784570250244,
      "wmape": 5.260351679106375,
      "mase": 0.03678018002510675,
      "r2": -31.27929271218222,
      "adjusted_r2": null,
      "nse": -31.27929271218222,
      "kge": -3.6369541658814866,
      "pbias": 0.6821222618436983,
      "index_of_agreement": 0.20602589677882044,
      "mean_bias_error": -0.008847298622273772,
      "correlation": -0.03618301717750908
    },
    "27": {
      "mae": 7.076507760937507,
      "rmse": 7.795250907260831,
      "mape": 2.6425146942887223,
      "smape": 2.6682318905492854,
      "wmape": 2.6632264510282164,
      "mase": 0.8718406092891023,
      "r2": 0.7592180624174341,
      "adjusted_r2": null,
      "nse": 0.7592180624174341,
      "kge": 0.7766135354894246,
      "pbias": 1.5513973994278705,
      "index_of_agreement": 0.9240603217453378,
      "mean_bias_error": -4.122246432747403,
      "correlation": 0.9176674710073583
    },
    "3": {
      "mae": 8.03721852659505,
      "rmse": 8.470540038094223,
      "mape": 3.770660308760074,
      "smape": 3.807410626702564,
      "wmape": 3.7606147397416847,
      "mase": 1.1776201443823802,
      "r2": 0.4045433784279687,
      "adjusted_r2": null,
      "nse": 0.4045433784279687,
      "kge": 0.647578664649485,
      "pbias": 1.6311607772769936,
      "index_of_agreement": 0.7982564733410619,
      "mean_bias_error": -3.4861309988606686,
      "correlation": 0.7151743707004952
    },
    "31": {
      "mae": 8.223940011653648,
      "rmse": 8.71942033783849,
      "mape": 2.349486708072165,
      "smape": 2.3703786583235518,
      "wmape": 2.3460439765487595,
      "mase": 0.7741566866632386,
      "r2": 0.7428376286938079,
      "adjusted_r2": null,
      "nse": 0.7428376286938079,
      "kge": 0.87486112775859,
      "pbias": 1.5511003852122662,
      "index_of_agreement": 0.9283566137743368,
      "mean_bias_error": -5.437304947200516,
      "correlation": 0.9181338475009143
    },
    "33": {
      "mae": 1.3307766343098895,
      "rmse": 1.4648667118290768,
      "mape": 0.36851423322389926,
      "smape": 0.3689314380017906,
      "wmape": 0.36854129997849067,
      "mase": 0.41381039109610096,
      "r2": 0.6369970019417734,
      "adjusted_r2": null,
      "nse": 0.6369970019417734,
      "kge": 0.7010409862287961,
      "pbias": 0.16468033767403653,
      "index_of_agreement": 0.8803482723002293,
      "mean_bias_error": -0.5946490814453114,
      "correlation": 0.839839003097986
    },
    "35": {
      "mae": 0.6834058274056005,
      "rmse": 1.0702899809350344,
      "mape": 0.8506606482771472,
      "smape": 0.8516509973418407,
      "wmape": 0.8502532540769433,
      "mase": 1.3761973668794751,
      "r2": -668.4686714219104,
      "adjusted_r2": null,
      "nse": -668.4686714219104,
      "kge": -24.25690412203168,
      "pbias": 0.030709203235293556,
      "index_of_agreement": 0.0791037051932062,
      "mean_bias_error": -0.024683055719400215,
      "correlation": 0.3987960974018376
    },
    "38": {
      "mae": 0.23562786185221304,
      "rmse": 0.34347388486226593,
      "mape": 0.3620139469093656,
      "smape": 0.36111598784151716,
      "wmape": 0.3622465082925809,
      "mase": 0.5523216275387699,
      "r2": -5.077565407029208,
      "adjusted_r2": null,
      "nse": -5.077565407029208,
      "kge": -0.9914883924475575,
      "pbias": -0.06237665516482655,
      "index_of_agreement": 0.5562563274715802,
      "mean_bias_error": 0.040573690979816966,
      "correlation": 0.6348421438734073
    },
    "40": {
      "mae": 14.125150548632812,
      "rmse": 15.147566709567739,
      "mape": 4.080804669786525,
      "smape": 4.147328193451381,
      "wmape": 4.145318767492655,
      "mase": 1.214851977612301,
      "r2": 0.6004399044177453,
      "adjusted_r2": null,
      "nse": 0.6004399044177453,
      "kge": 0.6513154878799254,
      "pbias": 2.432766492634028,
      "index_of_agreement": 0.8550823388259345,
      "mean_bias_error": -8.289638236653644,
      "correlation": 0.8702590393161036
    },
    "45": {
      "mae": 5.5598011869807955,
      "rmse": 7.361877148910651,
      "mape": 16.963346123013952,
      "smape": 14.630123169256956,
      "wmape": 15.470593058739086,
      "mase": 2.294785293329361,
      "r2": -2.045853876742065,
      "adjusted_r2": null,
      "nse": -2.045853876742065,
      "kge": 0.13751899566813142,
      "pbias": -13.743999240948963,
      "index_of_agreement": 0.5143700988741784,
      "mean_bias_error": 4.9393001938297525,
      "correlation": 0.1487001790076227
    },
    "48": {
      "mae": 7.076949401871744,
      "rmse": 7.9401676779448875,
      "mape": 5.640023013836643,
      "smape": 5.600232938288032,
      "wmape": 5.433150745062562,
      "mase": 1.062495719743486,
      "r2": 0.6584012549702911,
      "adjusted_r2": null,
      "nse": 0.6584012549702911,
      "kge": 0.7316486605328256,
      "pbias": 0.37985729878016,
      "index_of_agreement": 0.8848972878605245,
      "mean_bias_error": -0.4947830475423179,
      "correlation": 0.8122457810817321
    },
    "50": {
      "mae": 0.1595699999137364,
      "rmse": 0.20935794992820184,
      "mape": 0.420419081748613,
      "smape": 0.42064624590105276,
      "wmape": 0.4203472612036879,
      "mase": 0.4351317008147601,
      "r2": -65.53349458264599,
      "adjusted_r2": null,
      "nse": -65.53349458264599,
      "kge": -6.2814785596760805,
      "pbias": 0.12336778500739795,
      "index_of_agreement": 0.18669193761322667,
      "mean_bias_error": -0.04683222482910191,
      "correlation": 0.3580366375940743
    }
  },
  "observations": 78,
  "reservoir": {
    "decline_peak_production_error_pct": 1.4377145952059145,
    "decline_peak_time_error_months": null,
    "decline_decline_rate_true": -0.02904132025634941,
    "decline_decline_rate_pred": -0.02877660323655176,
    "decline_decline_rate_error_pct": -0.9115185762085333,
    "decline_cumulative_error_pct": 0.8944541524731981,
    "decline_plateau_duration_true": null,
    "decline_plateau_duration_pred": null,
    "decline_plateau_duration_error": null,
    "reliability_direction_accuracy": 0.7948717948717948,
    "reliability_picp": 0.9871794871794872,
    "reliability_picp_deviation_from_target": 0.0871794871794872,
    "reliability_mpiw": 41.68086694482096,