{
  "overall": {
    "mae": 3.792958671874651,
    "rmse": 6.000099264469748,
    "mape": 3.2729168358137057,
    "smape": 3.1353922048697664,
    "wmape": 2.4791033943666614,
    "mase": 0.7571696473272078,
    "r2": 0.9979063740412292,
    "adjusted_r2": null,
    "nse": 0.9979063740412292,
    "kge": 0.979974492951548,
    "pbias": 0.9751052601055947,
    "index_of_agreement": 0.9994671206222676,
    "mean_bias_error": -1.4918837030808754,
    "correlation": 0.9991557682782369
  },
  "by_well": {
    "14": {
      "mae": 0.169265203982259,
      "rmse": 0.21387215354556222,
      "mape": 3.6433307060375952,
      "smape": 3.559603868561708,
      "wmape": 3.6298004223524805,
      "mase": 0.12815598536807246,
      "r2": -6.311283796613666,
      "adjusted_r2": null,
      "nse": -6.311283796613666,
      "kge": -0.683352856791557,
      "pbias": -2.2378591924040148,
      "index_of_agreement": 0.4762675673290224,
      "mean_bias_error": 0.1043560660672201,
      "correlation": 0.3970521284825773
    },
    "22": {
      "mae": 0.45476761925455617,
      "rmse": 0.5027001290221433,
      "mape": 0.4461458403985186,
      "smape": 0.44710352612613474,
      "wmape": 0.44757999837632134,
      "mase": 0.4769638134307279,
      "r2": 0.6604476523826766,
      "adjusted_r2": null,
      "nse": 0.6604476523826766,
      "kge": 0.6321864920655165,
      "pbias": 0.3175482655116272,
      "index_of_agreement": 0.87649177381512,
      "mean_bias_error": -0.3226477260579396,
      "correlation": 0.9471797261285586
    },
    "23": {
      "mae": 0.05934573089438885,
      "rmse": 0.07880097368930708,
      "mape": 4.587216369136498,
      "smape": 4.775276996134897,
      "wmape": 4.575525922289289,
      "mase": 0.03199190422947758,
      "r2": -31.753320440399314,
      "adjusted_r2": null,
      "nse": -31.753320440399314,
      "kge": -2.7783787306042527,
      "pbias": 3.713465491153947,
      "index_of_agreement": 0.2183818706115076,
      "mean_bias_error": -0.048164588610473645,
      "correlation": 0.2826182812859079
    },
    "27": {
      "mae": 6.915090117708341,
      "rmse": 7.433724767982222,
      "mape": 2.5963807960098984,
      "smape": 2.6273278074906994,
      "wmape": 2.602477314358917,
      "mase": 0.8519536168378593,
      "r2": 0.781034011150403,
      "adjusted_r2": null,
      "nse": 0.781034011150403,
      "kge": 0.8356052759388962,
      "pbias": 1.6121101662460007,
      "index_of_agreement": 0.935614298155486,
      "mean_bias_error": -4.283567436979173,
      "correlation": 0.9268783703864717
    },
    "3": {
      "mae": 7.4391248579752585,
      "rmse": 7.6994142971714705,
      "mape": 3.5069002744670446,
      "smape": 3.512514014633724,
      "wmape": 3.4807666979701204,
      "mase": 1.0899869476410429,
      "r2": 0.5080246898309773,
      "adjusted_r2": null,
      "nse": 0.5080246898309773,
      "kge": 0.5950614696563592,
      "pbias": 0.775873860939942,
      "index_of_agreement": 0.8113233320351535,
      "mean_bias_error": -1.6582043631184813,
      "correlation": 0.7292160824468169
    },
    "31": {
      "mae": 7.1028044422526095,
      "rmse": 8.43835240949926,
      "mape": 2.0028538913899596,
      "smape": 2.030890795471635,
      "wmape": 2.0262175495854398,
      "mase": 0.668619122371924,
      "r2": 0.7591495229444623,
      "adjusted_r2": null,
      "nse": 0.7591495229444623,
      "kge": 0.8656005589884135,
      "pbias": 1.7583756291800037,
      "index_of_agreement": 0.9324045304132422,
      "mean_bias_error": -6.163897964778641,
      "correlation": 0.9444346656775874
    },
    "33": {
      "mae": 1.6471523667317645,
      "rmse": 1.7694845403135189,
      "mape": 0.45538121564044565,
      "smape": 0.45631260382826544,
      "wmape": 0.4561574488514905,
      "mase": 0.5121887080814329,
      "r2": 0.47032736384449136,
      "adjusted_r2": null,
      "nse": 0.47032736384449136,
      "kge": 0.5674717915484139,
      "pbias": 0.2695994152753076,
      "index_of_agreement": 0.8036319961471375,
      "mean_bias_error": -0.973504468815103,
      "correlation": 0.8236780516682192
    },
    "35": {
      "mae": 0.6163865763574208,
      "rmse": 0.6848754035602093,
      "mape": 0.7669813826167049,
      "smape": 0.7704393100199387,
      "wmape": 0.7668718516884985,
      "mase": 1.2412384403908368,
      "r2": -273.1261566996153,
      "adjusted_r2": null,
      "nse": -273.1261566996153,
      "kge": -8.976300851211867,
      "pbias": 0.6530613331155206,
      "index_of_agreement": 0.12004072486435258,
      "mean_bias_error": -0.5249093944238273,
      "correlation": 0.3619537710631315
    },
    "38": {
      "mae": 0.23645089601562574,
      "rmse": 0.2651313178812529,
      "mape": 0.3635400973649214,
      "smape": 0.3643725916994812,
      "wmape": 0.36351181388742076,
      "mase": 0.5542508542655363,
      "r2": -2.621297944623983,
      "adjusted_r2": null,
      "nse": -2.621297944623983,
      "kge": 0.5737026015802309,
      "pbias": 0.36351181388742076,
      "index_of_agreement": 0.6168938762925692,
      "mean_bias_error": -0.23645089601562574,
      "correlation": 0.7764669892697654
    },
    "40": {
      "mae": 13.0324228875,
      "rmse": 13.527275243191124,
      "mape": 3.776303891917691,
      "smape": 3.825846917125758,
      "wmape": 3.824635142503565,
      "mase": 1.1208705113229132,
      "r2": 0.6813477316343891,
      "adjusted_r2": null,
      "nse": 0.6813477316343891,
      "kge": 0.6699114111883637,
      "pbias": 2.0721330608630786,
      "index_of_agreement": 0.8859408680501567,
      "mean_bias_error": -7.060781832031249,
      "correlation": 0.903167123386257
    },
    "45": {
      "mae": 4.808602100473634,
      "rmse": 6.991107908777117,
      "mape": 14.930961922973715,
      "smape": 12.907521837271005,
      "wmape": 13.380321305737825,
      "mase": 1.9847309302136895,
      "r2": -1.7467804255877528,
      "adjusted_r2": null,
      "nse": -1.7467804255877528,
      "kge": -0.005196993546333628,
      "pbias": -9.845884631394732,
      "index_of_agreement": 0.48122239008738255,
      "mean_bias_error": 3.5384009425276695,
      "correlation": -0.00013853365433025007
    },
    "48": {
      "mae": 6.765696807877603,
      "rmse": 6.813654303190214,
      "mape": 5.310324213795014,
      "smape": 5.321132073107593,
      "wmape": 5.194194357651533,
      "mase": 1.015765902968144,
      "r2": 0.7484541771762843,
      "adjusted_r2": null,
      "nse": 0.7484541771762843,
      "kge": 0.7500226388640094,
      "pbias": 1.3137053701692638,
      "index_of_agreement": 0.9161731992441906,
      "mean_bias_error": -1.7111666636718752,
      "correlation": 0.8797936226892609
    },
    "50": {
      "mae": 0.061353127347005675,
      "rmse": 0.06867684111457155,
      "mape": 0.1615982638301755,
      "smape": 0.16175632183611954,
      "wmape": 0.16161947145789812,
      "mase": 0.16730394602518886,
      "r2": -6.159489274539713,
      "adjusted_r2": null,
      "nse": -6.159489274539713,
      "kge": 0.0430230997329617,
      "pbias": 0.14211729416611976,
      "index_of_agreement": 0.44689241866483864,
      "mean_bias_error": -0.05394981414388056,
      "correlation": 0.29471416236765924
    }
  },
  "observations": 78,
  "reservoir": {
    "decline_peak_production_error_pct": 2.185158967089119,
    "decline_peak_time_error_months": null,
    "decline_decline_rate_true": -0.02904132025634941,
    "decline_decline_rate_pred": -0.027464419592569043,
    "decline_decline_rate_error_pct": -5.429852032068423,
    "decline_cumulative_error_pct": 0.9751239159921767,
    "decline_plateau_duration_true": null,
    "decline_plateau_duration_pred": null,
    "decline_plateau_duration_error": null,
    "reliability_direction_accuracy": 0.782051282051282,
    "reliability_picp": 0.9743589743589743,
    "reliability_picp_deviation_from_target": 0.07435897435897432,
    "reliability_mpiw": 35.02957547754884,