{
  "folds": [
    {
      "fold": 1,
      "train_span": [
        1,
        145
      ],
      "val_span": [
        146,
        151
      ],
      "train_rows": 1885,
      "rows": 78,
      "indices": {
        "train_end_idx": 144,
        "val_start_idx": 145,
        "val_end_idx": 150
      },
      "metrics": {
        "mae": 6.8708467356745535,
        "rmse": 12.559287556544872,
        "mape": 6.755430631779387,
        "smape": 6.2612036318807105,
        "wmape": 4.483153408665356,
        "mase": 1.6162848847775992,
        "r2": 0.9908798557976484,
        "adjusted_r2": null,
        "nse": 0.9908798557976484,
        "kge": 0.9631556495134483,
        "pbias": 1.463034729227787,
        "index_of_agreement": 0.9976369001079703,
        "mean_bias_error": -2.2422358722018014,
        "correlation": 0.9960152592616697
      },
      "lag_pairs": 65
    },
    {
      "fold": 2,
      "train_span": [
        1,
        151
      ],
      "val_span": [
        152,
        157
      ],
      "train_rows": 1963,
      "rows": 78,
      "indices": {
        "train_end_idx": 150,
        "val_start_idx": 151,
        "val_end_idx": 156
      },
      "metrics": {
        "mae": 4.460398056556979,
        "rmse": 8.190012478134358,
        "mape": 5.327261013239511,
        "smape": 4.942884476685998,
        "wmape": 2.9352018291810595,
        "mase": 0.9917522329188992,
        "r2": 0.9960674404541623,
        "adjusted_r2": null,
        "nse": 0.9960674404541623,
        "kge": 0.9855174313987831,
        "pbias": 0.23365952284521688,
        "index_of_agreement": 0.9990018412256066,
        "mean_bias_error": -0.3550742137162067,
        "correlation": 0.9981110129556101
      },
      "lag_pairs": 65
    },
    {
      "fold": 3,
      "train_span": [
        1,
        157
      ],
      "val_span": [
        158,
        163
      ],
      "train_rows": 2041,
      "rows": 78,
      "indices": {
        "train_end_idx": 156,
        "val_start_idx": 157,
        "val_end_idx": 162
      },
      "metrics": {
        "mae": 6.55878481004973,
        "rmse": 11.194801120228007,
        "mape": 4.9627495763807685,
        "smape": 4.933362792188896,
        "wmape": 4.288865691039048,
        "mase": 1.4480418937424249,
        "r2": 0.9927366164260456,
        "adjusted_r2": null,
        "nse": 0.9927366164260456,
        "kge": 0.9913296015620742,
        "pbias": 0.3522797174424357,
        "index_of_agreement": 0.9981679816096936,
        "mean_bias_error": -0.5387267930720151,
        "correlation": 0.996376003755323
      },
      "lag_pairs": 65
    },
    {
      "fold": 4,
      "train_span": [
        1,
        163
      ],
      "val_span": [
        164,
        169
      ],
      "train_rows": 2119,
      "rows": 78,
      "indices": {
        "train_end_idx": 162,
        "val_start_idx": 163,
        "val_end_idx": 168
      },
      "metrics": {
        "mae": 5.415825052622241,
        "rmse": 9.562571716296572,
        "mape": 5.05255713859498,
        "smape": 5.566745627545476,
        "wmape": 3.5446127552160265,
        "mase": 1.1399216895145319,
        "r2": 0.9945364064926483,
        "adjusted_r2": null,
        "nse": 0.9945364064926483,
        "kge": 0.9816948098088174,
        "pbias": -0.3773472284198036,
        "index_of_agreement": 0.998656319574816,
        "mean_bias_error": 0.576550025163183,
        "correlation": 0.9974800669875361
      },
      "lag_pairs": 65
    },
    {
      "fold": 5,
      "train_span": [
        1,
        169
      ],
      "val_span": [
        170,
        175
      ],
      "train_rows": 2197,
      "rows": 78,
      "indices": {
        "train_end_idx": 168,
        "val_start_idx": 169,
        "val_end_idx": 174
      },
      "metrics": {
        "mae": 6.031723185859989,
        "rmse": 10.049383229312603,
        "mape": 4.629890687129106,
        "smape": 4.57613087664234,
        "wmape": 3.916232187598968,
        "mase": 1.25839064219199,
        "r2": 0.9940742170877327,
        "adjusted_r2": null,
        "nse": 0.9940742170877327,
        "kge": 0.9960297967239162,
        "pbias": -0.008069909098251483,
        "index_of_agreement": 0.998512433714515,
        "mean_bias_error": 0.012429155240039217,
        "correlation": 0.9970327655240946
      },
      "lag_pairs": 65
    },
    {
      "fold": 6,
      "train_span": [
        1,
        175
      ],
      "val_span": [
        176,
        181
      ],
      "train_rows": 2275,
      "rows": 78,
      "indices": {
        "train_end_idx": 174,
        "val_start_idx": 175,
        "val_end_idx": 180
      },
      "metrics": {
        "mae": 3.4305194032085966,
        "rmse": 6.143919154333702,
        "mape": 2.4859373935020193,
        "smape": 2.453264864480989,
        "wmape": 2.2549762616745235,
        "mase": 0.6877189355072363,
        "r2": 0.9977392503356421,
        "adjusted_r2": null,
        "nse": 0.9977392503356421,
        "kge": 0.9878064931207061,
        "pbias": -0.9226029664816504,
        "index_of_agreement": 0.9994389813336897,
        "mean_bias_error": 1.4035657189680606,
        "correlation": 0.9989680255352015
      },
      "lag_pairs": 65
    }
  ],
  "aggregate": {
    "mae": 5.461349540662015,
    "rmse": 9.61666254247502,
    "mape": 4.8689710734376295,
    "smape": 4.788932044904068,
    "wmape": 3.570507022229163,
    "mase": 1.1903517131087802,
    "r2": 0.9943389644323133,
    "nse": 0.9943389644323133,
    "kge": 0.9842556303546244,
    "pbias": 0.12349231091928899,
    "index_of_agreement": 0.9985690762610486,
    "mean_bias_error": -0.19058199660312336,
    "correlation": 0.9973305223365724
  },
  "conformal_profile": {
    "enabled": true,
    "method": "wcp_exp",
    "alpha": 0.1,
    "target_coverage": 0.9,
    "per_horizon": true,
    "exp_decay": 0.97,
    "min_samples": 30,
    "global_eps": 11.770749438671885,
    "global_samples": 468,
    "eps_by_horizon": {
      "1": 14.10791442929687,
      "2": 18.730745381640617,
      "3": 15.754604637499995,
      "4": 17.21659909062498,
      "5": 14.030062104882816,
      "6": 19.440611116015646
    },
    "samples_by_horizon": {
      "1": 78,
      "2": 78,
      "3": 78,
      "4": 78,
      "5": 78,
      "6": 78
    },
    "source_by_horizon": {
      "1": "per_horizon",
      "2": "per_horizon",
      "3": "per_horizon",
      "4": "per_horizon",
      "5": "per_horizon",
      "6": "per_horizon"
    }
  }
}