{
  "overall": {
    "mae": 3.128067290064755,
    "rmse": 5.331659695531141,
    "mape": 2.805006050059515,
    "smape": 2.740001487091085,
    "wmape": 2.0445258985050017,
    "mase": 0.624440657473206,
    "r2": 0.9983468697706074,
    "adjusted_r2": null,
    "nse": 0.9983468697706074,
    "kge": 0.985720219269152,
    "pbias": 0.6457596724186425,
    "index_of_agreement": 0.9995812657313267,
    "mean_bias_error": -0.9879941897594631,
    "correlation": 0.9992734205078028
  },
  "by_well": {
    "14": {
      "mae": 0.30677248605013024,
      "rmse": 0.31036470979648756,
      "mape": 6.59729906391168,
      "smape": 6.381012418948943,
      "wmape": 6.578569447431107,
      "mase": 0.23226705376308976,
      "r2": -14.396777162422886,
      "adjusted_r2": null,
      "nse": -14.396777162422886,
      "kge": 0.41288678423034053,
      "pbias": -6.578569447431107,
      "index_of_agreement": 0.3303152722995307,
      "mean_bias_error": 0.30677248605013024,
      "correlation": 0.9828865894942428
    },
    "22": {
      "mae": 0.30744601010741945,
      "rmse": 0.3549415918989096,
      "mape": 0.30375414861378147,
      "smape": 0.30338049463935796,
      "wmape": 0.3025868133053245,
      "mase": 0.3224517648052132,
      "r2": 0.830721216405613,
      "adjusted_r2": null,
      "nse": 0.830721216405613,
      "kge": 0.6341932619788764,
      "pbias": -0.056633338955611325,
      "index_of_agreement": 0.9360289351584394,
      "mean_bias_error": 0.057542805354820814,
      "correlation": 0.9750915427399084
    },
    "23": {
      "mae": 0.05864457050945027,
      "rmse": 0.058792581699434125,
      "mape": 4.524826662871878,
      "smape": 4.424111382827815,
      "wmape": 4.5214668102248,
      "mase": 0.031613924962116666,
      "r2": -17.232122459880795,
      "adjusted_r2": null,
      "nse": -17.232122459880795,
      "kge": 0.7583636400494818,
      "pbias": -4.5214668102247995,
      "index_of_agreement": 0.32574833247932666,
      "mean_bias_error": 0.05864457050945027,
      "correlation": 0.9765041661389082
    },
    "27": {
      "mae": 6.797058298046882,
      "rmse": 7.650187975679033,
      "mape": 2.507002297599843,
      "smape": 2.527464264649221,
      "wmape": 2.55805632666205,
      "mase": 0.8374118489142536,
      "r2": 0.7680961701592084,
      "adjusted_r2": null,
      "nse": 0.7680961701592084,
      "kge": 0.5875806163116697,
      "pbias": 1.0872970422748465,
      "index_of_agreement": 0.9084078731366395,
      "mean_bias_error": -2.8890768770833404,
      "correlation": 0.9749472972087231
    },
    "3": {
      "mae": 4.6844556685221335,
      "rmse": 5.197426763486649,
      "mape": 2.157129074008546,
      "smape": 2.1717889993106128,
      "wmape": 2.191856918711154,
      "mase": 0.6863704579468429,
      "r2": 0.7758159623492067,
      "adjusted_r2": null,
      "nse": 0.7758159623492067,
      "kge": 0.593776333095456,
      "pbias": 0.9269403984646775,
      "index_of_agreement": 0.9123028432710143,
      "mean_bias_error": -1.9810650808919188,
      "correlation": 0.9771203130127939
    },
    "31": {
      "mae": 7.4354460438151095,
      "rmse": 8.355534842282125,
      "mape": 2.0854847621051094,
      "smape": 2.099587621464609,
      "wmape": 2.121110243913145,
      "mase": 0.6999321815317753,
      "r2": 0.7638539408611253,
      "adjusted_r2": null,
      "nse": 0.7638539408611253,
      "kge": 0.5869903841261754,
      "pbias": 0.8798753158307503,
      "index_of_agreement": 0.9063198555098724,
      "mean_bias_error": -3.08435898365885,
      "correlation": 0.970822377910737
    },
    "33": {
      "mae": 0.9543270493489521,
      "rmse": 1.0096386936671313,
      "mape": 0.26417087581758864,
      "smape": 0.2642397400495816,
      "wmape": 0.26428847809917266,
      "mase": 0.29675186604810616,
      "r2": 0.8275568433190214,
      "adjusted_r2": null,
      "nse": 0.8275568433190214,
      "kge": 0.6237205717103629,
      "pbias": 0.05892315826608019,
      "index_of_agreement": 0.9342349965347609,
      "mean_bias_error": -0.21276736757812387,
      "correlation": 0.9811315545626941
    },
    "35": {
      "mae": 0.11883729950520916,
      "rmse": 0.12035461272674075,
      "mape": 0.14786143148199604,
      "smape": 0.14774937747812023,
      "wmape": 0.1478503643927113,
      "mase": 0.23930667856168789,
      "r2": -7.465503976501328,
      "adjusted_r2": null,
      "nse": -7.465503976501328,
      "kge": 0.6124457112361209,
      "pbias": -0.1478503643927113,
      "index_of_agreement": 0.4236055207856293,
      "mean_bias_error": 0.11883729950520916,
      "correlation": 0.9475157432506106
    },
    "38": {
      "mae": 0.04563285278971326,
      "rmse": 0.0655287752580367,
      "mape": 0.0702952674316485,
      "smape": 0.07024624420765223,
      "wmape": 0.07015444377656366,
      "mase": 0.10696532797067779,
      "r2": 0.7787892139196435,
      "adjusted_r2": null,
      "nse": 0.7787892139196435,
      "kge": 0.642028604160068,
      "pbias": -0.053650145482739206,
      "index_of_agreement": 0.9189928286526992,
      "mean_bias_error": 0.034897421448566966,
      "correlation": 0.9759598856619783
    },
    "40": {
      "mae": 10.574659215625,
      "rmse": 12.281386998897776,
      "mape": 3.0115686122764735,
      "smape": 3.0489072541564455,
      "wmape": 3.1033533522665593,
      "mase": 0.9094873443258,
      "r2": 0.7373416607041763,
      "adjusted_r2": null,
      "nse": 0.7373416607041763,
      "kge": 0.568721233427109,
      "pbias": 1.5176988831825942,
      "index_of_agreement": 0.894087161986056,
      "mean_bias_error": -5.171550468098957,
      "correlation": 0.9727503520020527
    },
    "45": {
      "mae": 3.488093216870118,
      "rmse": 4.11605224749768,
      "mape": 10.36237179881907,
      "smape": 9.691152225941158,
      "wmape": 9.705899346816361,
      "mase": 1.4396962673016345,
      "r2": 0.04787560986481754,
      "adjusted_r2": null,
      "nse": 0.04787560986481754,
      "kge": 0.3531657635820321,
      "pbias": -6.63841910193271,
      "index_of_agreement": 0.6202758615832382,
      "mean_bias_error": 2.385706240379232,
      "correlation": 0.6236188411001767
    },
    "48": {
      "mae": 5.862319274918619,
      "rmse": 6.719580451212622,
      "mape": 4.351150295281393,
      "smape": 4.408253921461925,
      "wmape": 4.500648871093334,
      "mase": 0.8801375824056868,
      "r2": 0.755352245019641,
      "adjusted_r2": null,
      "nse": 0.755352245019641,
      "kge": 0.5730680754285264,
      "pbias": 1.9183061581634762,
      "index_of_agreement": 0.9014549606106256,
      "mean_bias_error": -2.498689297542318,
      "correlation": 0.9742460956664335
    },
    "50": {
      "mae": 0.031182784733072566,
      "rmse": 0.03350865930180075,
      "mape": 0.08216436055468918,
      "smape": 0.08212538704865836,
      "wmape": 0.082143248520005,
      "mase": 0.08503238807029892,
      "r2": -0.7044156943240683,
      "adjusted_r2": null,
      "nse": -0.7044156943240683,
      "kge": 0.5527890366637505,
      "pbias": -0.08214324852000501,
      "index_of_agreement": 0.6560461176692305,
      "mean_bias_error": 0.031182784733072566,
      "correlation": 0.9737221802725686
    }
  },
  "observations": 78,
  "reservoir": {
    "decline_peak_production_error_pct": 3.010867800678708,
    "decline_peak_time_error_months": null,
    "decline_decline_rate_true": -0.02904132025634941,
    "decline_decline_rate_pred": -0.03477513674111828,
    "decline_decline_rate_error_pct": -19.743650190806218,
    "decline_cumulative_error_pct": 0.6457428395666939,
    "decline_plateau_duration_true": null,
    "decline_plateau_duration_pred": null,
    "decline_plateau_duration_error": null,
    "reliability_direction_accuracy": 0.9230769230769231,
    "reliability_picp": 0.9871794871794872,
    "reliability_picp_deviation_from_target": 0.0871794871794872,
    "reliability_mpiw": 33.09351225332031,