{
  "overall": {
    "mae": 113.16686302321399,
    "rmse": 152.077169950388,
    "mape": 612.6301819767899,
    "smape": 92.49808866059999,
    "wmape": 73.9666256663997,
    "mase": 22.590943159964155,
    "r2": -0.3449627857054651,
    "adjusted_r2": null,
    "nse": -0.3449627857054651,
    "kge": -0.5044364314145491,
    "pbias": 50.32697189493441,
    "index_of_agreement": 0.43993595015094933,
    "mean_bias_error": -76.99885567977678,
    "correlation": -0.011127565301327608
  },
  "by_well": {
    "14": {
      "mae": 71.33663012154817,
      "rmse": 71.34126726926513,
      "mape": 1530.2390815721226,
      "smape": 176.87366362772187,
      "wmape": 1529.7753114783,
      "mase": 54.011196105154234,
      "r2": -813516.3061393535,
      "adjusted_r2": null,
      "nse": -813516.3061393535,
      "kge": -16.905765117929615,
      "pbias": -1529.7753114783,
      "index_of_agreement": 0.0019188888458482323,
      "mean_bias_error": 71.33663012154817,
      "correlation": 0.018877076017953274
    },
    "22": {
      "mae": 25.607951477685543,
      "rmse": 25.649262837462533,
      "mape": 25.19433317113458,
      "smape": 28.837248260956883,
      "wmape": 25.2032167540666,
      "mase": 26.857818529311597,
      "r2": -882.972022657336,
      "adjusted_r2": null,
      "nse": -882.972022657336,
      "kge": -0.5334437273123751,
      "pbias": 25.2032167540666,
      "index_of_agreement": 0.05818087373231462,
      "mean_bias_error": -25.607951477685543,
      "correlation": -0.5114021126692321
    },
    "23": {
      "mae": 74.70281443754818,
      "rmse": 74.707234293901,
      "mape": 5760.285285070587,
      "smape": 193.28726984664357,
      "wmape": 5759.549318471465,
      "mase": 40.270551042862635,
      "r2": -29438621.482611105,
      "adjusted_r2": null,
      "nse": -29438621.482611105,
      "kge": -80.67761560680245,
      "pbias": -5759.549318471465,
      "index_of_agreement": 0.0003225917123742539,
      "mean_bias_error": 74.70281443754818,
      "correlation": -0.10733183467857323
    },
    "27": {
      "mae": 189.71389707768557,
      "rmse": 190.39387375564993,
      "mape": 71.29366404965408,
      "smape": 110.84485501827234,
      "wmape": 71.39836284981341,
      "mase": 23.37315031742535,
      "r2": -142.6380988179096,
      "adjusted_r2": null,
      "nse": -142.6380988179096,
      "kge": -0.6961355263787217,
      "pbias": 71.39836284981342,
      "index_of_agreement": 0.12948614599764274,
      "mean_bias_error": -189.71389707768557,
      "correlation": -0.2110310235886086
    },
    "3": {
      "mae": 137.72317883007813,
      "rmse": 138.17853975224077,
      "mape": 64.34267733151083,
      "smape": 94.92163149696815,
      "wmape": 64.44067865004152,
      "mase": 20.179318156151535,
      "r2": -157.45616014380838,
      "adjusted_r2": null,
      "nse": -157.45616014380838,
      "kge": -0.6851743846538849,
      "pbias": 64.4406786500415,
      "index_of_agreement": 0.12587861031150116,
      "mean_bias_error": -137.72317883007813,
      "correlation": -0.25173417905748996
    },
    "31": {
      "mae": 274.54799601775716,
      "rmse": 275.09684344420964,
      "mape": 78.26665928415072,
      "smape": 128.6150072842705,
      "wmape": 78.3203271690059,
      "mase": 25.844445196092973,
      "r2": -254.97845154890746,
      "adjusted_r2": null,
      "nse": -254.97845154890746,
      "kge": -0.7156901404096101,
      "pbias": 78.3203271690059,
      "index_of_agreement": 0.09975070458929236,
      "mean_bias_error": -274.54799601775716,
      "correlation": -0.1925942338813681
    },
    "33": {
      "mae": 285.09501147768555,
      "rmse": 285.1091862447652,
      "mape": 78.95182136503344,
      "smape": 130.44908555310585,
      "wmape": 78.95335959355454,
      "mase": 88.65144995599337,
      "r2": -13750.067468290757,
      "adjusted_r2": null,
      "nse": -13750.067468290757,
      "kge": -0.7269595161981879,
      "pbias": 78.95335959355454,
      "index_of_agreement": 0.015789760415145904,
      "mean_bias_error": -285.09501147768555,
      "correlation": -0.38379062866327074
    },
    "35": {
      "mae": 4.37880394601888,
      "rmse": 4.458920082583767,
      "mape": 5.44744841346801,
      "smape": 5.605928550620386,
      "wmape": 5.447849805731699,
      "mase": 8.817745209269566,
      "r2": -11618.480611669303,
      "adjusted_r2": null,
      "nse": -11618.480611669303,
      "kge": -17.685189338779626,
      "pbias": 5.447849805731699,
      "index_of_agreement": 0.014253161634451894,
      "mean_bias_error": -4.37880394601888,
      "correlation": -0.7250393951860999
    },
    "38": {
      "mae": 10.953654542216796,
      "rmse": 10.990833882289921,
      "mape": 16.841963850523513,
      "smape": 15.525983784296654,
      "wmape": 16.839787450305447,
      "mase": 25.675827369045063,
      "r2": -6222.052785937219,
      "adjusted_r2": null,
      "nse": -6222.052785937219,
      "kge": -4.086928378256378,
      "pbias": -16.839787450305447,
      "index_of_agreement": 0.021245349503159372,
      "mean_bias_error": 10.953654542216796,
      "correlation": -0.6135642415986685
    },
    "40": {
      "mae": 264.7530438457845,
      "rmse": 265.84831623960343,
      "mape": 77.58668321764634,
      "smape": 126.8176602869024,
      "wmape": 77.6972788803984,
      "mase": 22.77043050178739,
      "r2": -122.07339726250068,
      "adjusted_r2": null,
      "nse": -122.07339726250068,
      "kge": -0.69829826042394,
      "pbias": 77.6972788803984,
      "index_of_agreement": 0.13869940289545457,
      "mean_bias_error": -264.7530438457845,
      "correlation": -0.16062782867390904
    },
    "45": {
      "mae": 40.05982364658854,
      "rmse": 40.286459137881515,
      "mape": 114.51279238703991,
      "smape": 71.96012229209558,
      "wmape": 111.46967468773363,
      "mase": 16.534529035467234,
      "r2": -90.21161147557405,
      "adjusted_r2": null,
      "nse": -90.21161147557405,
      "kge": -0.6809339398459062,
      "pbias": -111.46967468773363,
      "index_of_agreement": 0.15325108795078157,
      "mean_bias_error": 40.05982364658854,
      "correlation": 0.03537421189878056
    },
    "48": {
      "mae": 54.2572888967448,
      "rmse": 55.97405786839734,
      "mape": 41.02430888320696,
      "smape": 51.98609852708934,
      "wmape": 41.65467532047874,
      "mase": 8.145902131563929,
      "r2": -15.975809921202462,
      "adjusted_r2": null,
      "nse": -15.975809921202462,
      "kge": -0.5671962522730654,
      "pbias": 41.65467532047873,
      "index_of_agreement": 0.29364729007331947,
      "mean_bias_error": -54.2572888967448,
      "correlation": -0.1825427059095857
    },
    "50": {
      "mae": 38.03912498444011,
      "rmse": 38.04815568283972,
      "mape": 100.20564710218949,
      "smape": 66.7505980588562,
      "wmape": 100.20456235155845,
      "mase": 103.72895381921846,
      "r2": -2197497.7705939007,
      "adjusted_r2": null,
      "nse": -2197497.7705939007,
      "kge": -29.662932952857656,
      "pbias": -100.20456235155847,
      "index_of_agreement": 0.0011241515200279828,
      "mean_bias_error": 38.03912498444011,
      "correlation": -0.6876933473324064
    }
  },
  "observations": 78,
  "reservoir": {
    "decline_peak_production_error_pct": 79.42998010670209,
    "decline_peak_time_error_months": null,
    "decline_decline_rate_true": -0.02904132025634986,
    "decline_decline_rate_pred": -0.0007417480769595375,
    "decline_decline_rate_error_pct": -97.44589055885484,
    "decline_cumulative_error_pct": 50.326971894934445,
    "decline_plateau_duration_true": null,
    "decline_plateau_duration_pred": null,
    "decline_plateau_duration_error": null,
    "reliability_direction_accuracy": 0.3717948717948718,
    "reliability_forecast_skill_vs_persistence": -3.5595818667901407
  },
  "operational": {
    "macro_mae_by_well": 113.16686302321399,
    "worst_3_wells_mae": 274.798683780409,