{
  "overall": {
    "mae": 4.609819832725887,
    "rmse": 8.687309918677158,
    "mape": 4.61135783946213,
    "smape": 4.557407061234006,
    "wmape": 3.013009363512121,
    "mase": 0.9202356152385672
  },
  "by_well": {
    "14": {
      "mae": 0.47443642582181783,
      "rmse": 0.594810224491571,
      "mape": 10.21653916092565,
      "smape": 9.722529552952398,
      "wmape": 10.174031264689095,
      "mase": 0.3592106718642199
    },
    "22": {
      "mae": 0.7898449333170537,
      "rmse": 0.8371686254926588,
      "mape": 0.7765908679919813,
      "smape": 0.7797006133045827,
      "wmape": 0.7773614004703456,
      "mase": 0.8283955045686042
    },
    "23": {
      "mae": 0.1624518807727661,
      "rmse": 0.2113698486038916,
      "mape": 12.584465324535968,
      "smape": 11.388075105213897,
      "wmape": 12.524956470836251,
      "mase": 0.08757403326668328
    },
    "27": {
      "mae": 9.133125949348965,
      "rmse": 12.500366660421808,
      "mape": 3.2951194609930408,
      "smape": 3.3956001826737277,
      "wmape": 3.4372296922930685,
      "mase": 1.1252202868127161
    },
    "3": {
      "mae": 8.486047075520824,
      "rmse": 10.183391252124604,
      "mape": 3.8748198413686064,
      "smape": 3.981877768451387,
      "wmape": 3.970621625365144,
      "mase": 1.2433828879036546
    },
    "31": {
      "mae": 9.8682334953776,
      "rmse": 13.616189246553828,
      "mape": 2.7202128770128073,
      "smape": 2.7899561911193302,
      "wmape": 2.8151116991618035,
      "mase": 0.9289414727217314
    },
    "33": {
      "mae": 3.0202726572916654,
      "rmse": 3.200694216692707,
      "mape": 0.835122509646647,
      "smape": 0.8390460448074346,
      "wmape": 0.836425273931668,
      "mase": 0.9391660308033982
    },
    "35": {
      "mae": 0.33171108456705883,
      "rmse": 0.4334205643136146,
      "mape": 0.4127070195973356,
      "smape": 0.41141597067933966,
      "wmape": 0.41269538123926947,
      "mase": 0.6679778000707464
    },
    "38": {
      "mae": 0.39203459555989656,
      "rmse": 0.4160451424842308,
      "mape": 0.6029029904887652,
      "smape": 0.6049575657235423,
      "wmape": 0.6027010638369441,
      "mase": 0.9189455956908597
    },
    "40": {
      "mae": 13.88232520768229,
      "rmse": 19.339245113740386,
      "mape": 3.87563818154358,
      "smape": 4.019509144922628,
      "wmape": 4.074056626411872,
      "mase": 1.1939674677692058
    },
    "45": {
      "mae": 4.828295080101724,
      "rmse": 5.453238396175178,
      "mape": 14.212267057619721,
      "smape": 14.46522661076399,
      "wmape": 13.435118539959909,
      "mase": 1.9928591273402698
    },
    "48": {
      "mae": 8.388143185481772,
      "rmse": 10.965802764511244,
      "mape": 6.091401314433218,
      "smape": 6.3980163716558724,
      "wmape": 6.43978694090741,
      "mase": 1.2593514133099055
    },
    "50": {
      "mae": 0.17073625459309838,
      "rmse": 0.20640852840516338,
      "mape": 0.44986530685037884,
      "smape": 0.4503806737739484,
      "wmape": 0.4497619648455473,
      "mase": 0.4655809794572882
    }
  },
  "observations": 78
}